2026-03-07 15:12:35.614 INFO  [main] e.N.R.m.MsCoreDataApplication : Starting MsCoreDataApplication using Java 17.0.12 with PID 33596 (C:\Users\ferna\Escritorio\Escritorio\TFG\Implementacion\ms-core-data\target\classes started by ferna in C:\Users\ferna\Escritorio\Escritorio\TFG\Implementacion\ms-core-data)
2026-03-07 15:12:35.632 DEBUG [main] e.N.R.m.MsCoreDataApplication : Running with Spring Boot v4.0.3, Spring v7.0.5
2026-03-07 15:12:35.635 INFO  [main] e.N.R.m.MsCoreDataApplication : No active profile set, falling back to 1 default profile: "default"
2026-03-07 15:12:37.288 INFO  [main] o.s.d.r.c.RepositoryConfigurationDelegate : Bootstrapping Spring Data MongoDB repositories in DEFAULT mode.
2026-03-07 15:12:37.692 INFO  [main] o.s.d.r.c.RepositoryConfigurationDelegate : Finished Spring Data repository scanning in 379 ms. Found 5 MongoDB repository interfaces.
2026-03-07 15:12:38.719 INFO  [main] o.s.boot.tomcat.TomcatWebServer : Tomcat initialized with port 8080 (http)
2026-03-07 15:12:38.746 INFO  [main] o.a.coyote.http11.Http11NioProtocol : Initializing ProtocolHandler ["http-nio-8080"]
2026-03-07 15:12:38.754 INFO  [main] o.a.catalina.core.StandardService : Starting service [Tomcat]
2026-03-07 15:12:38.759 INFO  [main] o.a.catalina.core.StandardEngine : Starting Servlet engine: [Apache Tomcat/11.0.18]
2026-03-07 15:12:38.925 INFO  [main] o.s.b.w.c.s.WebApplicationContextInitializer : Root WebApplicationContext: initialization completed in 3111 ms
2026-03-07 15:12:41.543 INFO  [main] o.a.coyote.http11.Http11NioProtocol : Starting ProtocolHandler ["http-nio-8080"]
2026-03-07 15:12:41.603 INFO  [main] o.s.boot.tomcat.TomcatWebServer : Tomcat started on port 8080 (http) with context path '/'
2026-03-07 15:12:41.622 INFO  [main] e.N.R.m.MsCoreDataApplication : Started MsCoreDataApplication in 7.201 seconds (process running for 7.985)
2026-03-07 15:16:29.354 INFO  [http-nio-8080-exec-2] o.a.c.c.C.[Tomcat].[localhost].[/] : Initializing Spring DispatcherServlet 'dispatcherServlet'
2026-03-07 15:16:29.355 INFO  [http-nio-8080-exec-2] o.s.web.servlet.DispatcherServlet : Initializing Servlet 'dispatcherServlet'
2026-03-07 15:16:29.357 INFO  [http-nio-8080-exec-2] o.s.web.servlet.DispatcherServlet : Completed initialization in 1 ms
2026-03-07 15:16:29.425 INFO  [http-nio-8080-exec-2] e.N.R.m.i.a.i.ScoringControllerAdapter : Request received: GET /api/requests/665c1b2c3d4e5f6a7b8c9d01/scoring
2026-03-07 15:16:29.427 DEBUG [http-nio-8080-exec-2] e.N.R.m.a.u.ScoringApplicationService : Starting getScoringByRequestId operation - requestId: [665c1b2c3d4e5f6a7b8c9d01]
2026-03-07 15:16:29.427 DEBUG [http-nio-8080-exec-2] e.N.R.m.a.u.ScoringApplicationService : Validating requestId for scoring: [665c1b2c3d4e5f6a7b8c9d01]
2026-03-07 15:16:29.429 DEBUG [http-nio-8080-exec-2] e.N.R.m.i.a.o.ScoringRepositoryAdapter : Executing findLatestByRequestId operation on scorings - requestId: [665c1b2c3d4e5f6a7b8c9d01]
2026-03-07 15:16:29.669 DEBUG [http-nio-8080-exec-2] e.N.R.m.i.a.o.ScoringRepositoryAdapter : Scoring found for request - requestId: [665c1b2c3d4e5f6a7b8c9d01]
2026-03-07 15:16:29.671 DEBUG [http-nio-8080-exec-2] e.N.R.m.a.u.ScoringApplicationService : Scoring found for request - requestId: [665c1b2c3d4e5f6a7b8c9d01]
2026-03-07 15:16:29.672 DEBUG [http-nio-8080-exec-2] e.N.R.m.a.u.ScoringApplicationService : getScoringByRequestId operation completed successfully - requestId: [665c1b2c3d4e5f6a7b8c9d01]
2026-03-07 15:16:29.673 INFO  [http-nio-8080-exec-2] e.N.R.m.i.a.i.ScoringControllerAdapter : Response sent successfully - Status: 200 - RequestId: [665c1b2c3d4e5f6a7b8c9d01]
2026-03-07 15:26:47.968 INFO  [main] e.N.R.m.MsCoreDataApplication : Starting MsCoreDataApplication using Java 17.0.12 with PID 1956 (C:\Users\ferna\Escritorio\Escritorio\TFG\Implementacion\ms-core-data\target\classes started by ferna in C:\Users\ferna\Escritorio\Escritorio\TFG\Implementacion\ms-core-data)
2026-03-07 15:26:47.973 DEBUG [main] e.N.R.m.MsCoreDataApplication : Running with Spring Boot v4.0.3, Spring v7.0.5
2026-03-07 15:26:47.974 INFO  [main] e.N.R.m.MsCoreDataApplication : No active profile set, falling back to 1 default profile: "default"
2026-03-07 15:26:49.159 INFO  [main] o.s.d.r.c.RepositoryConfigurationDelegate : Bootstrapping Spring Data MongoDB repositories in DEFAULT mode.
2026-03-07 15:26:49.386 INFO  [main] o.s.d.r.c.RepositoryConfigurationDelegate : Finished Spring Data repository scanning in 216 ms. Found 5 MongoDB repository interfaces.
2026-03-07 15:26:50.059 INFO  [main] o.s.boot.tomcat.TomcatWebServer : Tomcat initialized with port 8080 (http)
2026-03-07 15:26:50.077 INFO  [main] o.a.coyote.http11.Http11NioProtocol : Initializing ProtocolHandler ["http-nio-8080"]
2026-03-07 15:26:50.080 INFO  [main] o.a.catalina.core.StandardService : Starting service [Tomcat]
2026-03-07 15:26:50.080 INFO  [main] o.a.catalina.core.StandardEngine : Starting Servlet engine: [Apache Tomcat/11.0.18]
2026-03-07 15:26:50.183 INFO  [main] o.s.b.w.c.s.WebApplicationContextInitializer : Root WebApplicationContext: initialization completed in 2082 ms
2026-03-07 15:26:52.249 INFO  [main] o.a.coyote.http11.Http11NioProtocol : Starting ProtocolHandler ["http-nio-8080"]
2026-03-07 15:26:52.311 INFO  [main] o.s.boot.tomcat.TomcatWebServer : Tomcat started on port 8080 (http) with context path '/'
2026-03-07 15:26:52.320 INFO  [main] e.N.R.m.MsCoreDataApplication : Started MsCoreDataApplication in 5.376 seconds (process running for 6.056)
2026-03-07 15:27:35.965 INFO  [http-nio-8080-exec-2] o.a.c.c.C.[Tomcat].[localhost].[/] : Initializing Spring DispatcherServlet 'dispatcherServlet'
2026-03-07 15:27:35.966 INFO  [http-nio-8080-exec-2] o.s.web.servlet.DispatcherServlet : Initializing Servlet 'dispatcherServlet'
2026-03-07 15:27:35.967 INFO  [http-nio-8080-exec-2] o.s.web.servlet.DispatcherServlet : Completed initialization in 1 ms
2026-03-07 15:27:36.032 INFO  [http-nio-8080-exec-2] e.N.R.m.i.a.i.SimulationControllerAdapter : Request received: GET /api/simulations
2026-03-07 15:27:36.033 DEBUG [http-nio-8080-exec-2] e.N.R.m.a.u.SimulationApplicationService : Starting listSimulations operation with filters - requestId: [null], partyName: ["Maria"], partyId: [null]
2026-03-07 15:27:36.036 DEBUG [http-nio-8080-exec-2] e.N.R.m.i.a.o.SimulationRepositoryAdapter : Executing findWithFilters operation on simulations - requestId: [null], partyId: [null]
2026-03-07 15:27:36.278 DEBUG [http-nio-8080-exec-2] e.N.R.m.i.a.o.SimulationRepositoryAdapter : findWithFilters operation on simulations completed - Retrieved 4 entity(ies)
2026-03-07 15:27:36.279 DEBUG [http-nio-8080-exec-2] e.N.R.m.a.u.SimulationApplicationService : listSimulations operation completed - Found 4 simulation(s)
2026-03-07 15:27:36.280 DEBUG [http-nio-8080-exec-2] e.N.R.m.i.a.o.PartyRepositoryAdapter : Executing findPartyWithNameOnly operation - partyId: [694eb632b6ddf3754f1e2625]
2026-03-07 15:27:36.310 DEBUG [http-nio-8080-exec-2] e.N.R.m.i.a.o.PartyRepositoryAdapter : Party not found for name query - partyId: [694eb632b6ddf3754f1e2625]
2026-03-07 15:27:36.310 DEBUG [http-nio-8080-exec-2] e.N.R.m.i.a.o.PartyRepositoryAdapter : Executing findPartyWithNameOnly operation - partyId: [694eb632b6ddf3754f1e2626]
2026-03-07 15:27:36.314 DEBUG [http-nio-8080-exec-2] e.N.R.m.i.a.o.PartyRepositoryAdapter : Party not found for name query - partyId: [694eb632b6ddf3754f1e2626]
2026-03-07 15:27:36.315 DEBUG [http-nio-8080-exec-2] e.N.R.m.i.a.o.PartyRepositoryAdapter : Executing findPartyWithNameOnly operation - partyId: [694eb632b6ddf3754f1e2626]
2026-03-07 15:27:36.318 DEBUG [http-nio-8080-exec-2] e.N.R.m.i.a.o.PartyRepositoryAdapter : Party not found for name query - partyId: [694eb632b6ddf3754f1e2626]
2026-03-07 15:27:36.319 DEBUG [http-nio-8080-exec-2] e.N.R.m.i.a.o.PartyRepositoryAdapter : Executing findPartyWithNameOnly operation - partyId: [665a1b2c3d4e5f6a7b8c9d01]
2026-03-07 15:27:36.355 DEBUG [http-nio-8080-exec-2] e.N.R.m.i.a.o.PartyRepositoryAdapter : Partial Party retrieved - partyId: [665a1b2c3d4e5f6a7b8c9d01], fullName: [Maria Garcia Fernandez]
2026-03-07 15:27:36.356 DEBUG [http-nio-8080-exec-2] e.N.R.m.a.u.SimulationApplicationService : Applying post-fetch partyName filter: ["Maria"]
2026-03-07 15:27:36.357 ERROR [http-nio-8080-exec-2] e.N.R.m.i.a.i.SimulationControllerAdapter : Unexpected error processing request: Cannot invoke "es.NTTEnterprise.RIntellix.ms_core_data.domain.entities.Party.getPersonDetails()" because the return value of "es.NTTEnterprise.RIntellix.ms_core_data.domain.entities.Simulation.getParty()" is null
java.lang.NullPointerException: Cannot invoke "es.NTTEnterprise.RIntellix.ms_core_data.domain.entities.Party.getPersonDetails()" because the return value of "es.NTTEnterprise.RIntellix.ms_core_data.domain.entities.Simulation.getParty()" is null
	at es.NTTEnterprise.RIntellix.ms_core_data.application.usecases.SimulationApplicationService.lambda$2(SimulationApplicationService.java:125)
	at java.base/java.util.stream.ReferencePipeline$2$1.accept(ReferencePipeline.java:178)
	at java.base/java.util.AbstractList$RandomAccessSpliterator.forEachRemaining(AbstractList.java:720)
	at java.base/java.util.stream.AbstractPipeline.copyInto(AbstractPipeline.java:509)
	at java.base/java.util.stream.AbstractPipeline.wrapAndCopyInto(AbstractPipeline.java:499)
	at java.base/java.util.stream.AbstractPipeline.evaluate(AbstractPipeline.java:575)
	at java.base/java.util.stream.AbstractPipeline.evaluateToArrayNode(AbstractPipeline.java:260)
	at java.base/java.util.stream.ReferencePipeline.toArray(ReferencePipeline.java:616)
	at java.base/java.util.stream.ReferencePipeline.toArray(ReferencePipeline.java:622)
	at java.base/java.util.stream.ReferencePipeline.toList(ReferencePipeline.java:627)
	at es.NTTEnterprise.RIntellix.ms_core_data.application.usecases.SimulationApplicationService.filterByPartyName(SimulationApplicationService.java:127)
	at es.NTTEnterprise.RIntellix.ms_core_data.application.usecases.SimulationApplicationService.listSimulations(SimulationApplicationService.java:62)
	at es.NTTEnterprise.RIntellix.ms_core_data.infraestructure.adapters.input.SimulationControllerAdapter.listSimulations(SimulationControllerAdapter.java:58)
	at java.base/jdk.internal.reflect.NativeMethodAccessorImpl.invoke0(Native Method)
	at java.base/jdk.internal.reflect.NativeMethodAccessorImpl.invoke(NativeMethodAccessorImpl.java:77)
	at java.base/jdk.internal.reflect.DelegatingMethodAccessorImpl.invoke(DelegatingMethodAccessorImpl.java:43)
	at java.base/java.lang.reflect.Method.invoke(Method.java:568)
	at org.springframework.web.method.support.InvocableHandlerMethod.doInvoke(InvocableHandlerMethod.java:252)
	at org.springframework.web.method.support.InvocableHandlerMethod.invokeForRequest(InvocableHandlerMethod.java:184)
	at org.springframework.web.servlet.mvc.method.annotation.ServletInvocableHandlerMethod.invokeAndHandle(ServletInvocableHandlerMethod.java:117)
	at org.springframework.web.servlet.mvc.method.annotation.RequestMappingHandlerAdapter.invokeHandlerMethod(RequestMappingHandlerAdapter.java:934)
	at org.springframework.web.servlet.mvc.method.annotation.RequestMappingHandlerAdapter.handleInternal(RequestMappingHandlerAdapter.java:853)
	at org.springframework.web.servlet.mvc.method.AbstractHandlerMethodAdapter.handle(AbstractHandlerMethodAdapter.java:86)
	at org.springframework.web.servlet.DispatcherServlet.doDispatch(DispatcherServlet.java:963)
	at org.springframework.web.servlet.DispatcherServlet.doService(DispatcherServlet.java:866)
	at org.springframework.web.servlet.FrameworkServlet.processRequest(FrameworkServlet.java:1000)
	at org.springframework.web.servlet.FrameworkServlet.doGet(FrameworkServlet.java:892)
	at jakarta.servlet.http.HttpServlet.service(HttpServlet.java:622)
	at org.springframework.web.servlet.FrameworkServlet.service(FrameworkServlet.java:874)
	at jakarta.servlet.http.HttpServlet.service(HttpServlet.java:710)
	at org.apache.catalina.core.ApplicationFilterChain.doFilter(ApplicationFilterChain.java:128)
	at org.apache.tomcat.websocket.server.WsFilter.doFilter(WsFilter.java:53)
	at org.apache.catalina.core.ApplicationFilterChain.doFilter(ApplicationFilterChain.java:107)
	at org.springframework.web.filter.RequestContextFilter.doFilterInternal(RequestContextFilter.java:100)
	at org.springframework.web.filter.OncePerRequestFilter.doFilter(OncePerRequestFilter.java:116)
	at org.apache.catalina.core.ApplicationFilterChain.doFilter(ApplicationFilterChain.java:107)
	at org.springframework.web.filter.FormContentFilter.doFilterInternal(FormContentFilter.java:93)
	at org.springframework.web.filter.OncePerRequestFilter.doFilter(OncePerRequestFilter.java:116)
	at org.apache.catalina.core.ApplicationFilterChain.doFilter(ApplicationFilterChain.java:107)
	at org.springframework.web.filter.CharacterEncodingFilter.doFilterInternal(CharacterEncodingFilter.java:199)
	at org.springframework.web.filter.OncePerRequestFilter.doFilter(OncePerRequestFilter.java:116)
	at org.apache.catalina.core.ApplicationFilterChain.doFilter(ApplicationFilterChain.java:107)
	at org.apache.catalina.core.StandardWrapperValve.invoke(StandardWrapperValve.java:165)
	at org.apache.catalina.core.StandardContextValve.invoke(StandardContextValve.java:77)
	at org.apache.catalina.authenticator.AuthenticatorBase.invoke(AuthenticatorBase.java:492)
	at org.apache.catalina.core.StandardHostValve.invoke(StandardHostValve.java:113)
	at org.apache.catalina.valves.ErrorReportValve.invoke(ErrorReportValve.java:83)
	at org.apache.catalina.core.StandardEngineValve.invoke(StandardEngineValve.java:72)
	at org.apache.catalina.connector.CoyoteAdapter.service(CoyoteAdapter.java:341)
	at org.apache.coyote.http11.Http11Processor.service(Http11Processor.java:397)
	at org.apache.coyote.AbstractProcessorLight.process(AbstractProcessorLight.java:63)
	at org.apache.coyote.AbstractProtocol$ConnectionHandler.process(AbstractProtocol.java:903)
	at org.apache.tomcat.util.net.NioEndpoint$SocketProcessor.doRun(NioEndpoint.java:1779)
	at org.apache.tomcat.util.net.SocketProcessorBase.run(SocketProcessorBase.java:52)
	at org.apache.tomcat.util.threads.ThreadPoolExecutor.runWorker(ThreadPoolExecutor.java:946)
	at org.apache.tomcat.util.threads.ThreadPoolExecutor$Worker.run(ThreadPoolExecutor.java:480)
	at org.apache.tomcat.util.threads.TaskThread$WrappingRunnable.run(TaskThread.java:57)
	at java.base/java.lang.Thread.run(Thread.java:842)
2026-03-07 15:27:36.369 ERROR [http-nio-8080-exec-2] e.N.R.m.i.a.i.SimulationControllerAdapter : Error response sent - Status: 500 - Reason: Internal server error
2026-03-07 15:29:40.684 INFO  [http-nio-8080-exec-4] e.N.R.m.i.a.i.SimulationControllerAdapter : Request received: GET /api/simulations
2026-03-07 15:29:40.684 DEBUG [http-nio-8080-exec-4] e.N.R.m.a.u.SimulationApplicationService : Starting listSimulations operation with filters - requestId: [null], partyName: ["Maria"], partyId: [null]
2026-03-07 15:29:40.684 DEBUG [http-nio-8080-exec-4] e.N.R.m.i.a.o.SimulationRepositoryAdapter : Executing findWithFilters operation on simulations - requestId: [null], partyId: [null]
2026-03-07 15:29:40.690 DEBUG [http-nio-8080-exec-4] e.N.R.m.i.a.o.SimulationRepositoryAdapter : findWithFilters operation on simulations completed - Retrieved 1 entity(ies)
2026-03-07 15:29:40.692 DEBUG [http-nio-8080-exec-4] e.N.R.m.a.u.SimulationApplicationService : listSimulations operation completed - Found 1 simulation(s)
2026-03-07 15:29:40.693 DEBUG [http-nio-8080-exec-4] e.N.R.m.i.a.o.PartyRepositoryAdapter : Executing findPartyWithNameOnly operation - partyId: [665a1b2c3d4e5f6a7b8c9d01]
2026-03-07 15:29:40.698 DEBUG [http-nio-8080-exec-4] e.N.R.m.i.a.o.PartyRepositoryAdapter : Partial Party retrieved - partyId: [665a1b2c3d4e5f6a7b8c9d01], fullName: [Maria Garcia Fernandez]
2026-03-07 15:29:40.698 DEBUG [http-nio-8080-exec-4] e.N.R.m.a.u.SimulationApplicationService : Applying post-fetch partyName filter: ["Maria"]
2026-03-07 15:29:40.699 DEBUG [http-nio-8080-exec-4] e.N.R.m.a.u.SimulationApplicationService : After partyName filter - 1 simulation(s) remaining
2026-03-07 15:29:40.699 DEBUG [http-nio-8080-exec-4] e.N.R.m.a.u.SimulationApplicationService : Mapping 0 simulation(s) to SimulationSummaryDTO
2026-03-07 15:29:40.700 INFO  [http-nio-8080-exec-4] e.N.R.m.i.a.i.SimulationControllerAdapter : Response sent successfully - Status: 200 - Items count: 0
2026-03-07 15:30:06.950 INFO  [http-nio-8080-exec-5] e.N.R.m.i.a.i.SimulationControllerAdapter : Request received: GET /api/simulations
2026-03-07 15:30:06.951 DEBUG [http-nio-8080-exec-5] e.N.R.m.a.u.SimulationApplicationService : Starting listSimulations operation with filters - requestId: [null], partyName: [Maria], partyId: [null]
2026-03-07 15:30:06.951 DEBUG [http-nio-8080-exec-5] e.N.R.m.i.a.o.SimulationRepositoryAdapter : Executing findWithFilters operation on simulations - requestId: [null], partyId: [null]
2026-03-07 15:30:06.958 DEBUG [http-nio-8080-exec-5] e.N.R.m.i.a.o.SimulationRepositoryAdapter : findWithFilters operation on simulations completed - Retrieved 1 entity(ies)
2026-03-07 15:30:06.958 DEBUG [http-nio-8080-exec-5] e.N.R.m.a.u.SimulationApplicationService : listSimulations operation completed - Found 1 simulation(s)
2026-03-07 15:30:06.959 DEBUG [http-nio-8080-exec-5] e.N.R.m.i.a.o.PartyRepositoryAdapter : Executing findPartyWithNameOnly operation - partyId: [665a1b2c3d4e5f6a7b8c9d01]
2026-03-07 15:30:06.964 DEBUG [http-nio-8080-exec-5] e.N.R.m.i.a.o.PartyRepositoryAdapter : Partial Party retrieved - partyId: [665a1b2c3d4e5f6a7b8c9d01], fullName: [Maria Garcia Fernandez]
2026-03-07 15:30:06.964 DEBUG [http-nio-8080-exec-5] e.N.R.m.a.u.SimulationApplicationService : Applying post-fetch partyName filter: [Maria]
2026-03-07 15:30:06.965 DEBUG [http-nio-8080-exec-5] e.N.R.m.a.u.SimulationApplicationService : After partyName filter - 1 simulation(s) remaining
2026-03-07 15:30:06.965 DEBUG [http-nio-8080-exec-5] e.N.R.m.a.u.SimulationApplicationService : Mapping 1 simulation(s) to SimulationSummaryDTO
2026-03-07 15:30:06.965 INFO  [http-nio-8080-exec-5] e.N.R.m.i.a.i.SimulationControllerAdapter : Response sent successfully - Status: 200 - Items count: 1
2026-03-07 15:30:13.386 INFO  [http-nio-8080-exec-6] e.N.R.m.i.a.i.SimulationControllerAdapter : Request received: GET /api/simulations
2026-03-07 15:30:13.387 DEBUG [http-nio-8080-exec-6] e.N.R.m.a.u.SimulationApplicationService : Starting listSimulations operation with filters - requestId: [null], partyName: [Mar], partyId: [null]
2026-03-07 15:30:13.387 DEBUG [http-nio-8080-exec-6] e.N.R.m.i.a.o.SimulationRepositoryAdapter : Executing findWithFilters operation on simulations - requestId: [null], partyId: [null]
2026-03-07 15:30:13.392 DEBUG [http-nio-8080-exec-6] e.N.R.m.i.a.o.SimulationRepositoryAdapter : findWithFilters operation on simulations completed - Retrieved 1 entity(ies)
2026-03-07 15:30:13.393 DEBUG [http-nio-8080-exec-6] e.N.R.m.a.u.SimulationApplicationService : listSimulations operation completed - Found 1 simulation(s)
2026-03-07 15:30:13.393 DEBUG [http-nio-8080-exec-6] e.N.R.m.i.a.o.PartyRepositoryAdapter : Executing findPartyWithNameOnly operation - partyId: [665a1b2c3d4e5f6a7b8c9d01]
2026-03-07 15:30:13.397 DEBUG [http-nio-8080-exec-6] e.N.R.m.i.a.o.PartyRepositoryAdapter : Partial Party retrieved - partyId: [665a1b2c3d4e5f6a7b8c9d01], fullName: [Maria Garcia Fernandez]
2026-03-07 15:30:13.398 DEBUG [http-nio-8080-exec-6] e.N.R.m.a.u.SimulationApplicationService : Applying post-fetch partyName filter: [Mar]
2026-03-07 15:30:13.398 DEBUG [http-nio-8080-exec-6] e.N.R.m.a.u.SimulationApplicationService : After partyName filter - 1 simulation(s) remaining
2026-03-07 15:30:13.398 DEBUG [http-nio-8080-exec-6] e.N.R.m.a.u.SimulationApplicationService : Mapping 1 simulation(s) to SimulationSummaryDTO
2026-03-07 15:30:13.399 INFO  [http-nio-8080-exec-6] e.N.R.m.i.a.i.SimulationControllerAdapter : Response sent successfully - Status: 200 - Items count: 1
2026-03-07 15:39:05.139 INFO  [http-nio-8080-exec-9] e.N.R.m.i.a.i.SimulationControllerAdapter : Request received: GET /api/simulations
2026-03-07 15:39:05.141 DEBUG [http-nio-8080-exec-9] e.N.R.m.a.u.SimulationApplicationService : Starting listSimulations operation with filters - requestId: [null], partyName: [Mar], partyId: [null]
2026-03-07 15:39:05.141 DEBUG [http-nio-8080-exec-9] e.N.R.m.i.a.o.SimulationRepositoryAdapter : Executing findWithFilters operation on simulations - requestId: [null], partyId: [null]
2026-03-07 15:39:05.152 DEBUG [http-nio-8080-exec-9] e.N.R.m.i.a.o.SimulationRepositoryAdapter : findWithFilters operation on simulations completed - Retrieved 5 entity(ies)
2026-03-07 15:39:05.153 DEBUG [http-nio-8080-exec-9] e.N.R.m.a.u.SimulationApplicationService : listSimulations operation completed - Found 5 simulation(s)
2026-03-07 15:39:05.153 DEBUG [http-nio-8080-exec-9] e.N.R.m.i.a.o.PartyRepositoryAdapter : Executing findPartyWithNameOnly operation - partyId: [665a1b2c3d4e5f6a7b8c9d01]
2026-03-07 15:39:05.158 DEBUG [http-nio-8080-exec-9] e.N.R.m.i.a.o.PartyRepositoryAdapter : Partial Party retrieved - partyId: [665a1b2c3d4e5f6a7b8c9d01], fullName: [Maria Garcia Fernandez]
2026-03-07 15:39:05.159 DEBUG [http-nio-8080-exec-9] e.N.R.m.i.a.o.PartyRepositoryAdapter : Executing findPartyWithNameOnly operation - partyId: [665a1b2c3d4e5f6a7b8c9d02]
2026-03-07 15:39:05.166 DEBUG [http-nio-8080-exec-9] e.N.R.m.i.a.o.PartyRepositoryAdapter : Partial Party retrieved - partyId: [665a1b2c3d4e5f6a7b8c9d02], fullName: [Carlos Rodríguez Martín]
2026-03-07 15:39:05.167 DEBUG [http-nio-8080-exec-9] e.N.R.m.i.a.o.PartyRepositoryAdapter : Executing findPartyWithNameOnly operation - partyId: [665a1b2c3d4e5f6a7b8c9d03]
2026-03-07 15:39:05.174 DEBUG [http-nio-8080-exec-9] e.N.R.m.i.a.o.PartyRepositoryAdapter : Partial Party retrieved - partyId: [665a1b2c3d4e5f6a7b8c9d03], fullName: [Ana López Ruiz]
2026-03-07 15:39:05.175 DEBUG [http-nio-8080-exec-9] e.N.R.m.i.a.o.PartyRepositoryAdapter : Executing findPartyWithNameOnly operation - partyId: [665a1b2c3d4e5f6a7b8c9d01]
2026-03-07 15:39:05.180 DEBUG [http-nio-8080-exec-9] e.N.R.m.i.a.o.PartyRepositoryAdapter : Partial Party retrieved - partyId: [665a1b2c3d4e5f6a7b8c9d01], fullName: [Maria Garcia Fernandez]
2026-03-07 15:39:05.180 DEBUG [http-nio-8080-exec-9] e.N.R.m.i.a.o.PartyRepositoryAdapter : Executing findPartyWithNameOnly operation - partyId: [665a1b2c3d4e5f6a7b8c9d01]
2026-03-07 15:39:05.185 DEBUG [http-nio-8080-exec-9] e.N.R.m.i.a.o.PartyRepositoryAdapter : Partial Party retrieved - partyId: [665a1b2c3d4e5f6a7b8c9d01], fullName: [Maria Garcia Fernandez]
2026-03-07 15:39:05.185 DEBUG [http-nio-8080-exec-9] e.N.R.m.a.u.SimulationApplicationService : Applying post-fetch partyName filter: [Mar]
2026-03-07 15:39:05.186 DEBUG [http-nio-8080-exec-9] e.N.R.m.a.u.SimulationApplicationService : After partyName filter - 5 simulation(s) remaining
2026-03-07 15:39:05.186 DEBUG [http-nio-8080-exec-9] e.N.R.m.a.u.SimulationApplicationService : Mapping 4 simulation(s) to SimulationSummaryDTO
2026-03-07 15:39:05.186 INFO  [http-nio-8080-exec-9] e.N.R.m.i.a.i.SimulationControllerAdapter : Response sent successfully - Status: 200 - Items count: 4
2026-03-07 15:39:16.043 INFO  [http-nio-8080-exec-10] e.N.R.m.i.a.i.SimulationControllerAdapter : Request received: GET /api/simulations
2026-03-07 15:39:16.043 DEBUG [http-nio-8080-exec-10] e.N.R.m.a.u.SimulationApplicationService : Starting listSimulations operation with filters - requestId: [null], partyName: [Maria], partyId: [null]
2026-03-07 15:39:16.045 DEBUG [http-nio-8080-exec-10] e.N.R.m.i.a.o.SimulationRepositoryAdapter : Executing findWithFilters operation on simulations - requestId: [null], partyId: [null]
2026-03-07 15:39:16.051 DEBUG [http-nio-8080-exec-10] e.N.R.m.i.a.o.SimulationRepositoryAdapter : findWithFilters operation on simulations completed - Retrieved 5 entity(ies)
2026-03-07 15:39:16.052 DEBUG [http-nio-8080-exec-10] e.N.R.m.a.u.SimulationApplicationService : listSimulations operation completed - Found 5 simulation(s)
2026-03-07 15:39:16.052 DEBUG [http-nio-8080-exec-10] e.N.R.m.i.a.o.PartyRepositoryAdapter : Executing findPartyWithNameOnly operation - partyId: [665a1b2c3d4e5f6a7b8c9d01]
2026-03-07 15:39:16.056 DEBUG [http-nio-8080-exec-10] e.N.R.m.i.a.o.PartyRepositoryAdapter : Partial Party retrieved - partyId: [665a1b2c3d4e5f6a7b8c9d01], fullName: [Maria Garcia Fernandez]
2026-03-07 15:39:16.057 DEBUG [http-nio-8080-exec-10] e.N.R.m.i.a.o.PartyRepositoryAdapter : Executing findPartyWithNameOnly operation - partyId: [665a1b2c3d4e5f6a7b8c9d02]
2026-03-07 15:39:16.063 DEBUG [http-nio-8080-exec-10] e.N.R.m.i.a.o.PartyRepositoryAdapter : Partial Party retrieved - partyId: [665a1b2c3d4e5f6a7b8c9d02], fullName: [Carlos Rodríguez Martín]
2026-03-07 15:39:16.064 DEBUG [http-nio-8080-exec-10] e.N.R.m.i.a.o.PartyRepositoryAdapter : Executing findPartyWithNameOnly operation - partyId: [665a1b2c3d4e5f6a7b8c9d03]
2026-03-07 15:39:16.070 DEBUG [http-nio-8080-exec-10] e.N.R.m.i.a.o.PartyRepositoryAdapter : Partial Party retrieved - partyId: [665a1b2c3d4e5f6a7b8c9d03], fullName: [Ana López Ruiz]
2026-03-07 15:39:16.070 DEBUG [http-nio-8080-exec-10] e.N.R.m.i.a.o.PartyRepositoryAdapter : Executing findPartyWithNameOnly operation - partyId: [665a1b2c3d4e5f6a7b8c9d01]
2026-03-07 15:39:16.075 DEBUG [http-nio-8080-exec-10] e.N.R.m.i.a.o.PartyRepositoryAdapter : Partial Party retrieved - partyId: [665a1b2c3d4e5f6a7b8c9d01], fullName: [Maria Garcia Fernandez]
2026-03-07 15:39:16.075 DEBUG [http-nio-8080-exec-10] e.N.R.m.i.a.o.PartyRepositoryAdapter : Executing findPartyWithNameOnly operation - partyId: [665a1b2c3d4e5f6a7b8c9d01]
2026-03-07 15:39:16.082 DEBUG [http-nio-8080-exec-10] e.N.R.m.i.a.o.PartyRepositoryAdapter : Partial Party retrieved - partyId: [665a1b2c3d4e5f6a7b8c9d01], fullName: [Maria Garcia Fernandez]
2026-03-07 15:39:16.082 DEBUG [http-nio-8080-exec-10] e.N.R.m.a.u.SimulationApplicationService : Applying post-fetch partyName filter: [Maria]
2026-03-07 15:39:16.083 DEBUG [http-nio-8080-exec-10] e.N.R.m.a.u.SimulationApplicationService : After partyName filter - 5 simulation(s) remaining
2026-03-07 15:39:16.083 DEBUG [http-nio-8080-exec-10] e.N.R.m.a.u.SimulationApplicationService : Mapping 3 simulation(s) to SimulationSummaryDTO
2026-03-07 15:39:16.083 INFO  [http-nio-8080-exec-10] e.N.R.m.i.a.i.SimulationControllerAdapter : Response sent successfully - Status: 200 - Items count: 3
2026-03-07 15:39:20.869 INFO  [http-nio-8080-exec-1] e.N.R.m.i.a.i.SimulationControllerAdapter : Request received: GET /api/simulations
2026-03-07 15:39:20.870 DEBUG [http-nio-8080-exec-1] e.N.R.m.a.u.SimulationApplicationService : Starting listSimulations operation with filters - requestId: [null], partyName: [Mar], partyId: [null]
2026-03-07 15:39:20.870 DEBUG [http-nio-8080-exec-1] e.N.R.m.i.a.o.SimulationRepositoryAdapter : Executing findWithFilters operation on simulations - requestId: [null], partyId: [null]
2026-03-07 15:39:20.876 DEBUG [http-nio-8080-exec-1] e.N.R.m.i.a.o.SimulationRepositoryAdapter : findWithFilters operation on simulations completed - Retrieved 5 entity(ies)
2026-03-07 15:39:20.876 DEBUG [http-nio-8080-exec-1] e.N.R.m.a.u.SimulationApplicationService : listSimulations operation completed - Found 5 simulation(s)
2026-03-07 15:39:20.876 DEBUG [http-nio-8080-exec-1] e.N.R.m.i.a.o.PartyRepositoryAdapter : Executing findPartyWithNameOnly operation - partyId: [665a1b2c3d4e5f6a7b8c9d01]
2026-03-07 15:39:20.880 DEBUG [http-nio-8080-exec-1] e.N.R.m.i.a.o.PartyRepositoryAdapter : Partial Party retrieved - partyId: [665a1b2c3d4e5f6a7b8c9d01], fullName: [Maria Garcia Fernandez]
2026-03-07 15:39:20.882 DEBUG [http-nio-8080-exec-1] e.N.R.m.i.a.o.PartyRepositoryAdapter : Executing findPartyWithNameOnly operation - partyId: [665a1b2c3d4e5f6a7b8c9d02]
2026-03-07 15:39:20.889 DEBUG [http-nio-8080-exec-1] e.N.R.m.i.a.o.PartyRepositoryAdapter : Partial Party retrieved - partyId: [665a1b2c3d4e5f6a7b8c9d02], fullName: [Carlos Rodríguez Martín]
2026-03-07 15:39:20.892 DEBUG [http-nio-8080-exec-1] e.N.R.m.i.a.o.PartyRepositoryAdapter : Executing findPartyWithNameOnly operation - partyId: [665a1b2c3d4e5f6a7b8c9d03]
2026-03-07 15:39:20.902 DEBUG [http-nio-8080-exec-1] e.N.R.m.i.a.o.PartyRepositoryAdapter : Partial Party retrieved - partyId: [665a1b2c3d4e5f6a7b8c9d03], fullName: [Ana López Ruiz]
2026-03-07 15:39:20.903 DEBUG [http-nio-8080-exec-1] e.N.R.m.i.a.o.PartyRepositoryAdapter : Executing findPartyWithNameOnly operation - partyId: [665a1b2c3d4e5f6a7b8c9d01]
2026-03-07 15:39:20.909 DEBUG [http-nio-8080-exec-1] e.N.R.m.i.a.o.PartyRepositoryAdapter : Partial Party retrieved - partyId: [665a1b2c3d4e5f6a7b8c9d01], fullName: [Maria Garcia Fernandez]
2026-03-07 15:39:20.910 DEBUG [http-nio-8080-exec-1] e.N.R.m.i.a.o.PartyRepositoryAdapter : Executing findPartyWithNameOnly operation - partyId: [665a1b2c3d4e5f6a7b8c9d01]
2026-03-07 15:39:20.914 DEBUG [http-nio-8080-exec-1] e.N.R.m.i.a.o.PartyRepositoryAdapter : Partial Party retrieved - partyId: [665a1b2c3d4e5f6a7b8c9d01], fullName: [Maria Garcia Fernandez]
2026-03-07 15:39:20.916 DEBUG [http-nio-8080-exec-1] e.N.R.m.a.u.SimulationApplicationService : Applying post-fetch partyName filter: [Mar]
2026-03-07 15:39:20.917 DEBUG [http-nio-8080-exec-1] e.N.R.m.a.u.SimulationApplicationService : After partyName filter - 5 simulation(s) remaining
2026-03-07 15:39:20.918 DEBUG [http-nio-8080-exec-1] e.N.R.m.a.u.SimulationApplicationService : Mapping 4 simulation(s) to SimulationSummaryDTO
2026-03-07 15:39:20.918 INFO  [http-nio-8080-exec-1] e.N.R.m.i.a.i.SimulationControllerAdapter : Response sent successfully - Status: 200 - Items count: 4
2026-03-07 15:39:27.064 INFO  [http-nio-8080-exec-2] e.N.R.m.i.a.i.SimulationControllerAdapter : Request received: GET /api/simulations
2026-03-07 15:39:27.064 DEBUG [http-nio-8080-exec-2] e.N.R.m.a.u.SimulationApplicationService : Starting listSimulations operation with filters - requestId: [null], partyName: [Mar], partyId: [null]
2026-03-07 15:39:27.064 DEBUG [http-nio-8080-exec-2] e.N.R.m.i.a.o.SimulationRepositoryAdapter : Executing findWithFilters operation on simulations - requestId: [null], partyId: [null]
2026-03-07 15:39:27.071 DEBUG [http-nio-8080-exec-2] e.N.R.m.i.a.o.SimulationRepositoryAdapter : findWithFilters operation on simulations completed - Retrieved 5 entity(ies)
2026-03-07 15:39:27.071 DEBUG [http-nio-8080-exec-2] e.N.R.m.a.u.SimulationApplicationService : listSimulations operation completed - Found 5 simulation(s)
2026-03-07 15:39:27.072 DEBUG [http-nio-8080-exec-2] e.N.R.m.i.a.o.PartyRepositoryAdapter : Executing findPartyWithNameOnly operation - partyId: [665a1b2c3d4e5f6a7b8c9d01]
2026-03-07 15:39:27.078 DEBUG [http-nio-8080-exec-2] e.N.R.m.i.a.o.PartyRepositoryAdapter : Partial Party retrieved - partyId: [665a1b2c3d4e5f6a7b8c9d01], fullName: [Maria Garcia Fernandez]
2026-03-07 15:39:27.079 DEBUG [http-nio-8080-exec-2] e.N.R.m.i.a.o.PartyRepositoryAdapter : Executing findPartyWithNameOnly operation - partyId: [665a1b2c3d4e5f6a7b8c9d02]
2026-03-07 15:39:27.084 DEBUG [http-nio-8080-exec-2] e.N.R.m.i.a.o.PartyRepositoryAdapter : Partial Party retrieved - partyId: [665a1b2c3d4e5f6a7b8c9d02], fullName: [Carlos Rodríguez Martín]
2026-03-07 15:39:27.085 DEBUG [http-nio-8080-exec-2] e.N.R.m.i.a.o.PartyRepositoryAdapter : Executing findPartyWithNameOnly operation - partyId: [665a1b2c3d4e5f6a7b8c9d03]
2026-03-07 15:39:27.090 DEBUG [http-nio-8080-exec-2] e.N.R.m.i.a.o.PartyRepositoryAdapter : Partial Party retrieved - partyId: [665a1b2c3d4e5f6a7b8c9d03], fullName: [Ana López Ruiz]
2026-03-07 15:39:27.091 DEBUG [http-nio-8080-exec-2] e.N.R.m.i.a.o.PartyRepositoryAdapter : Executing findPartyWithNameOnly operation - partyId: [665a1b2c3d4e5f6a7b8c9d01]
2026-03-07 15:39:27.096 DEBUG [http-nio-8080-exec-2] e.N.R.m.i.a.o.PartyRepositoryAdapter : Partial Party retrieved - partyId: [665a1b2c3d4e5f6a7b8c9d01], fullName: [Maria Garcia Fernandez]
2026-03-07 15:39:27.097 DEBUG [http-nio-8080-exec-2] e.N.R.m.i.a.o.PartyRepositoryAdapter : Executing findPartyWithNameOnly operation - partyId: [665a1b2c3d4e5f6a7b8c9d01]
2026-03-07 15:39:27.101 DEBUG [http-nio-8080-exec-2] e.N.R.m.i.a.o.PartyRepositoryAdapter : Partial Party retrieved - partyId: [665a1b2c3d4e5f6a7b8c9d01], fullName: [Maria Garcia Fernandez]
2026-03-07 15:39:27.101 DEBUG [http-nio-8080-exec-2] e.N.R.m.a.u.SimulationApplicationService : Applying post-fetch partyName filter: [Mar]
2026-03-07 15:39:27.102 DEBUG [http-nio-8080-exec-2] e.N.R.m.a.u.SimulationApplicationService : After partyName filter - 5 simulation(s) remaining
2026-03-07 15:39:27.103 DEBUG [http-nio-8080-exec-2] e.N.R.m.a.u.SimulationApplicationService : Mapping 4 simulation(s) to SimulationSummaryDTO
2026-03-07 15:39:27.104 INFO  [http-nio-8080-exec-2] e.N.R.m.i.a.i.SimulationControllerAdapter : Response sent successfully - Status: 200 - Items count: 4
2026-03-07 15:39:29.484 INFO  [http-nio-8080-exec-3] e.N.R.m.i.a.i.SimulationControllerAdapter : Request received: GET /api/simulations
2026-03-07 15:39:29.484 DEBUG [http-nio-8080-exec-3] e.N.R.m.a.u.SimulationApplicationService : Starting listSimulations operation with filters - requestId: [null], partyName: [null], partyId: [null]
2026-03-07 15:39:29.484 DEBUG [http-nio-8080-exec-3] e.N.R.m.i.a.o.SimulationRepositoryAdapter : Executing findWithFilters operation on simulations - requestId: [null], partyId: [null]
2026-03-07 15:39:29.490 DEBUG [http-nio-8080-exec-3] e.N.R.m.i.a.o.SimulationRepositoryAdapter : findWithFilters operation on simulations completed - Retrieved 5 entity(ies)
2026-03-07 15:39:29.490 DEBUG [http-nio-8080-exec-3] e.N.R.m.a.u.SimulationApplicationService : listSimulations operation completed - Found 5 simulation(s)
2026-03-07 15:39:29.491 DEBUG [http-nio-8080-exec-3] e.N.R.m.i.a.o.PartyRepositoryAdapter : Executing findPartyWithNameOnly operation - partyId: [665a1b2c3d4e5f6a7b8c9d01]
2026-03-07 15:39:29.496 DEBUG [http-nio-8080-exec-3] e.N.R.m.i.a.o.PartyRepositoryAdapter : Partial Party retrieved - partyId: [665a1b2c3d4e5f6a7b8c9d01], fullName: [Maria Garcia Fernandez]
2026-03-07 15:39:29.496 DEBUG [http-nio-8080-exec-3] e.N.R.m.i.a.o.PartyRepositoryAdapter : Executing findPartyWithNameOnly operation - partyId: [665a1b2c3d4e5f6a7b8c9d02]
2026-03-07 15:39:29.500 DEBUG [http-nio-8080-exec-3] e.N.R.m.i.a.o.PartyRepositoryAdapter : Partial Party retrieved - partyId: [665a1b2c3d4e5f6a7b8c9d02], fullName: [Carlos Rodríguez Martín]
2026-03-07 15:39:29.500 DEBUG [http-nio-8080-exec-3] e.N.R.m.i.a.o.PartyRepositoryAdapter : Executing findPartyWithNameOnly operation - partyId: [665a1b2c3d4e5f6a7b8c9d03]
2026-03-07 15:39:29.506 DEBUG [http-nio-8080-exec-3] e.N.R.m.i.a.o.PartyRepositoryAdapter : Partial Party retrieved - partyId: [665a1b2c3d4e5f6a7b8c9d03], fullName: [Ana López Ruiz]
2026-03-07 15:39:29.506 DEBUG [http-nio-8080-exec-3] e.N.R.m.i.a.o.PartyRepositoryAdapter : Executing findPartyWithNameOnly operation - partyId: [665a1b2c3d4e5f6a7b8c9d01]
2026-03-07 15:39:29.511 DEBUG [http-nio-8080-exec-3] e.N.R.m.i.a.o.PartyRepositoryAdapter : Partial Party retrieved - partyId: [665a1b2c3d4e5f6a7b8c9d01], fullName: [Maria Garcia Fernandez]
2026-03-07 15:39:29.511 DEBUG [http-nio-8080-exec-3] e.N.R.m.i.a.o.PartyRepositoryAdapter : Executing findPartyWithNameOnly operation - partyId: [665a1b2c3d4e5f6a7b8c9d01]
2026-03-07 15:39:29.516 DEBUG [http-nio-8080-exec-3] e.N.R.m.i.a.o.PartyRepositoryAdapter : Partial Party retrieved - partyId: [665a1b2c3d4e5f6a7b8c9d01], fullName: [Maria Garcia Fernandez]
2026-03-07 15:39:29.516 DEBUG [http-nio-8080-exec-3] e.N.R.m.a.u.SimulationApplicationService : Mapping 5 simulation(s) to SimulationSummaryDTO
2026-03-07 15:39:29.516 INFO  [http-nio-8080-exec-3] e.N.R.m.i.a.i.SimulationControllerAdapter : Response sent successfully - Status: 200 - Items count: 5
2026-03-07 15:39:46.409 INFO  [http-nio-8080-exec-4] e.N.R.m.i.a.i.SimulationControllerAdapter : Request received: GET /api/simulations/665f1b2c3d4e5f6a7b8c9d01
2026-03-07 15:39:46.410 DEBUG [http-nio-8080-exec-4] e.N.R.m.a.u.SimulationApplicationService : Starting getSimulationDetails operation - simulationId: [665f1b2c3d4e5f6a7b8c9d01]
2026-03-07 15:39:46.410 DEBUG [http-nio-8080-exec-4] e.N.R.m.a.u.SimulationApplicationService : Validating simulationId: [665f1b2c3d4e5f6a7b8c9d01]
2026-03-07 15:39:46.410 DEBUG [http-nio-8080-exec-4] e.N.R.m.i.a.o.SimulationRepositoryAdapter : Executing findById operation on simulations - simulationId: [665f1b2c3d4e5f6a7b8c9d01]
2026-03-07 15:39:46.422 DEBUG [http-nio-8080-exec-4] e.N.R.m.i.a.o.SimulationRepositoryAdapter : Simulation found in database - simulationId: [665f1b2c3d4e5f6a7b8c9d01]
2026-03-07 15:39:46.422 DEBUG [http-nio-8080-exec-4] e.N.R.m.a.u.SimulationApplicationService : Simulation found - simulationId: [665f1b2c3d4e5f6a7b8c9d01]
2026-03-07 15:39:46.423 DEBUG [http-nio-8080-exec-4] e.N.R.m.i.a.o.ScoringRepositoryAdapter : Executing findById operation on scorings - scoringId: [665d1b2c3d4e5f6a7b8c9d01]
2026-03-07 15:39:46.454 DEBUG [http-nio-8080-exec-4] e.N.R.m.i.a.o.ScoringRepositoryAdapter : Scoring found in database - scoringId: [665d1b2c3d4e5f6a7b8c9d01]
2026-03-07 15:39:46.457 DEBUG [http-nio-8080-exec-4] e.N.R.m.a.u.SimulationApplicationService : Base scoring resolved for simulation comparison - scoringId: [665d1b2c3d4e5f6a7b8c9d01]
2026-03-07 15:39:46.457 DEBUG [http-nio-8080-exec-4] e.N.R.m.a.u.SimulationApplicationService : getSimulationDetails operation completed successfully - simulationId: [665f1b2c3d4e5f6a7b8c9d01]
2026-03-07 15:39:46.458 INFO  [http-nio-8080-exec-4] e.N.R.m.i.a.i.SimulationControllerAdapter : Response sent successfully - Status: 200 - RequestId: [665f1b2c3d4e5f6a7b8c9d01]
2026-03-07 15:39:51.925 INFO  [http-nio-8080-exec-5] e.N.R.m.i.a.i.SimulationControllerAdapter : Request received: GET /api/simulations/665f1b2c3d4e5f6a7b8c9d01
2026-03-07 15:39:51.925 DEBUG [http-nio-8080-exec-5] e.N.R.m.a.u.SimulationApplicationService : Starting getSimulationDetails operation - simulationId: [665f1b2c3d4e5f6a7b8c9d01]
2026-03-07 15:39:51.925 DEBUG [http-nio-8080-exec-5] e.N.R.m.a.u.SimulationApplicationService : Validating simulationId: [665f1b2c3d4e5f6a7b8c9d01]
2026-03-07 15:39:51.925 DEBUG [http-nio-8080-exec-5] e.N.R.m.i.a.o.SimulationRepositoryAdapter : Executing findById operation on simulations - simulationId: [665f1b2c3d4e5f6a7b8c9d01]
2026-03-07 15:39:51.928 DEBUG [http-nio-8080-exec-5] e.N.R.m.i.a.o.SimulationRepositoryAdapter : Simulation found in database - simulationId: [665f1b2c3d4e5f6a7b8c9d01]
2026-03-07 15:39:51.928 DEBUG [http-nio-8080-exec-5] e.N.R.m.a.u.SimulationApplicationService : Simulation found - simulationId: [665f1b2c3d4e5f6a7b8c9d01]
2026-03-07 15:39:51.928 DEBUG [http-nio-8080-exec-5] e.N.R.m.i.a.o.ScoringRepositoryAdapter : Executing findById operation on scorings - scoringId: [665d1b2c3d4e5f6a7b8c9d01]
2026-03-07 15:39:51.930 DEBUG [http-nio-8080-exec-5] e.N.R.m.i.a.o.ScoringRepositoryAdapter : Scoring found in database - scoringId: [665d1b2c3d4e5f6a7b8c9d01]
2026-03-07 15:39:51.930 DEBUG [http-nio-8080-exec-5] e.N.R.m.a.u.SimulationApplicationService : Base scoring resolved for simulation comparison - scoringId: [665d1b2c3d4e5f6a7b8c9d01]
2026-03-07 15:39:51.931 DEBUG [http-nio-8080-exec-5] e.N.R.m.a.u.SimulationApplicationService : getSimulationDetails operation completed successfully - simulationId: [665f1b2c3d4e5f6a7b8c9d01]
2026-03-07 15:39:51.931 INFO  [http-nio-8080-exec-5] e.N.R.m.i.a.i.SimulationControllerAdapter : Response sent successfully - Status: 200 - RequestId: [665f1b2c3d4e5f6a7b8c9d01]
2026-03-07 19:20:12.892 INFO  [main] e.N.R.m.MsCoreDataApplication : Starting MsCoreDataApplication using Java 17.0.12 with PID 21928 (C:\Users\ferna\Escritorio\Escritorio\TFG\Implementacion\ms-core-data\target\classes started by ferna in C:\Users\ferna\Escritorio\Escritorio\TFG\Implementacion\ms-core-data)
2026-03-07 19:20:12.898 DEBUG [main] e.N.R.m.MsCoreDataApplication : Running with Spring Boot v4.0.3, Spring v7.0.5
2026-03-07 19:20:12.899 INFO  [main] e.N.R.m.MsCoreDataApplication : No active profile set, falling back to 1 default profile: "default"
2026-03-07 19:20:14.126 INFO  [main] o.s.d.r.c.RepositoryConfigurationDelegate : Bootstrapping Spring Data MongoDB repositories in DEFAULT mode.
2026-03-07 19:20:14.402 INFO  [main] o.s.d.r.c.RepositoryConfigurationDelegate : Finished Spring Data repository scanning in 264 ms. Found 5 MongoDB repository interfaces.
2026-03-07 19:20:15.333 INFO  [main] o.s.boot.tomcat.TomcatWebServer : Tomcat initialized with port 8080 (http)
2026-03-07 19:20:15.353 INFO  [main] o.a.coyote.http11.Http11NioProtocol : Initializing ProtocolHandler ["http-nio-8080"]
2026-03-07 19:20:15.358 INFO  [main] o.a.catalina.core.StandardService : Starting service [Tomcat]
2026-03-07 19:20:15.359 INFO  [main] o.a.catalina.core.StandardEngine : Starting Servlet engine: [Apache Tomcat/11.0.18]
2026-03-07 19:20:15.491 INFO  [main] o.s.b.w.c.s.WebApplicationContextInitializer : Root WebApplicationContext: initialization completed in 2467 ms
2026-03-07 19:20:17.602 INFO  [main] o.a.coyote.http11.Http11NioProtocol : Starting ProtocolHandler ["http-nio-8080"]
2026-03-07 19:20:17.645 INFO  [main] o.s.boot.tomcat.TomcatWebServer : Tomcat started on port 8080 (http) with context path '/'
2026-03-07 19:20:17.656 INFO  [main] e.N.R.m.MsCoreDataApplication : Started MsCoreDataApplication in 5.741 seconds (process running for 6.355)
2026-03-07 19:20:58.839 INFO  [http-nio-8080-exec-1] o.a.c.c.C.[Tomcat].[localhost].[/] : Initializing Spring DispatcherServlet 'dispatcherServlet'
2026-03-07 19:20:58.840 INFO  [http-nio-8080-exec-1] o.s.web.servlet.DispatcherServlet : Initializing Servlet 'dispatcherServlet'
2026-03-07 19:20:58.843 INFO  [http-nio-8080-exec-1] o.s.web.servlet.DispatcherServlet : Completed initialization in 1 ms
2026-03-07 19:20:58.914 INFO  [http-nio-8080-exec-1] e.N.R.m.i.a.i.RequestControllerAdapter : Request received: GET /api/requests
2026-03-07 19:20:58.915 DEBUG [http-nio-8080-exec-1] e.N.R.m.a.u.RequestApplicationService : Starting listRequests operation with filters - partyName: [null], requestStatus: [null]
2026-03-07 19:20:58.917 DEBUG [http-nio-8080-exec-1] e.N.R.m.i.a.o.RequestRepositoryAdapter : Executing findWithFilters operation - partyName: [null], requestStatus: [null]
2026-03-07 19:20:59.137 DEBUG [http-nio-8080-exec-1] e.N.R.m.i.a.o.RequestRepositoryAdapter : findWithFilters operation completed - Retrieved 3 entity(ies)
2026-03-07 19:20:59.139 DEBUG [http-nio-8080-exec-1] e.N.R.m.i.a.o.RequestRepositoryAdapter : Mapping 3 RequestEntity(ies) to Request domain objects
2026-03-07 19:20:59.141 DEBUG [http-nio-8080-exec-1] e.N.R.m.a.u.RequestApplicationService : listRequests operation completed - Found 3 request(s)
2026-03-07 19:20:59.142 DEBUG [http-nio-8080-exec-1] e.N.R.m.i.a.o.PartyRepositoryAdapter : Executing findPartyWithNameOnly operation - partyId: [665a1b2c3d4e5f6a7b8c9d01]
2026-03-07 19:20:59.173 DEBUG [http-nio-8080-exec-1] e.N.R.m.i.a.o.PartyRepositoryAdapter : Partial Party retrieved - partyId: [665a1b2c3d4e5f6a7b8c9d01], fullName: [Maria Garcia Fernandez]
2026-03-07 19:20:59.173 DEBUG [http-nio-8080-exec-1] e.N.R.m.i.a.o.PartyRepositoryAdapter : Executing findPartyWithNameOnly operation - partyId: [665a1b2c3d4e5f6a7b8c9d02]
2026-03-07 19:20:59.178 DEBUG [http-nio-8080-exec-1] e.N.R.m.i.a.o.PartyRepositoryAdapter : Partial Party retrieved - partyId: [665a1b2c3d4e5f6a7b8c9d02], fullName: [Carlos Rodríguez Martín]
2026-03-07 19:20:59.178 DEBUG [http-nio-8080-exec-1] e.N.R.m.i.a.o.PartyRepositoryAdapter : Executing findPartyWithNameOnly operation - partyId: [665a1b2c3d4e5f6a7b8c9d03]
2026-03-07 19:20:59.186 DEBUG [http-nio-8080-exec-1] e.N.R.m.i.a.o.PartyRepositoryAdapter : Partial Party retrieved - partyId: [665a1b2c3d4e5f6a7b8c9d03], fullName: [Ana López Ruiz]
2026-03-07 19:20:59.186 DEBUG [http-nio-8080-exec-1] e.N.R.m.a.u.RequestApplicationService : Mapping 3 request(s) to RequestSummaryDTO
2026-03-07 19:20:59.189 INFO  [http-nio-8080-exec-1] e.N.R.m.i.a.i.RequestControllerAdapter : Response sent successfully - Status: 200 - Items count: 3
2026-03-07 19:21:05.086 INFO  [http-nio-8080-exec-3] e.N.R.m.i.a.i.RequestControllerAdapter : Request received: GET /api/requests/665c1b2c3d4e5f6a7b8c9d01
2026-03-07 19:21:05.087 DEBUG [http-nio-8080-exec-3] e.N.R.m.a.u.RequestApplicationService : Starting getRequestDetails operation - requestId: [665c1b2c3d4e5f6a7b8c9d01]
2026-03-07 19:21:05.087 DEBUG [http-nio-8080-exec-3] e.N.R.m.a.u.RequestApplicationService : Validating requestId: [665c1b2c3d4e5f6a7b8c9d01]
2026-03-07 19:21:05.089 DEBUG [http-nio-8080-exec-3] e.N.R.m.i.a.o.RequestRepositoryAdapter : Executing findById operation - requestId: [665c1b2c3d4e5f6a7b8c9d01]
2026-03-07 19:21:05.109 DEBUG [http-nio-8080-exec-3] e.N.R.m.i.a.o.RequestRepositoryAdapter : Entity found in database - requestId: [665c1b2c3d4e5f6a7b8c9d01]
2026-03-07 19:21:05.110 DEBUG [http-nio-8080-exec-3] e.N.R.m.i.a.o.RequestRepositoryAdapter : Mapping RequestEntity to Request domain - requestId: [665c1b2c3d4e5f6a7b8c9d01]
2026-03-07 19:21:05.111 DEBUG [http-nio-8080-exec-3] e.N.R.m.a.u.RequestApplicationService : Request found - requestId: [665c1b2c3d4e5f6a7b8c9d01]
2026-03-07 19:21:05.113 DEBUG [http-nio-8080-exec-3] e.N.R.m.i.a.o.PartyRepositoryAdapter : Executing findById operation - partyId: [665a1b2c3d4e5f6a7b8c9d01]
2026-03-07 19:21:05.144 DEBUG [http-nio-8080-exec-3] e.N.R.m.i.a.o.PartyRepositoryAdapter : Party found in database - partyId: [665a1b2c3d4e5f6a7b8c9d01]
2026-03-07 19:21:05.144 DEBUG [http-nio-8080-exec-3] e.N.R.m.i.a.o.PartyRepositoryAdapter : Mapping PartyEntity to Party domain - partyId: [665a1b2c3d4e5f6a7b8c9d01]
2026-03-07 19:21:05.146 DEBUG [http-nio-8080-exec-3] e.N.R.m.i.a.o.ContractRepositoryAdapter : Executing findActiveByPartyId operation on contracts - partyId: [665a1b2c3d4e5f6a7b8c9d01]
2026-03-07 19:21:05.177 DEBUG [http-nio-8080-exec-3] e.N.R.m.i.a.o.ContractRepositoryAdapter : findActiveByPartyId operation completed - partyId: [665a1b2c3d4e5f6a7b8c9d01], active contracts found: 2
2026-03-07 19:21:05.182 DEBUG [http-nio-8080-exec-3] e.N.R.m.a.u.RequestApplicationService : Active contracts loaded for Party aggregate - partyId: [665a1b2c3d4e5f6a7b8c9d01], count: 2
2026-03-07 19:21:05.184 DEBUG [http-nio-8080-exec-3] e.N.R.m.domain.entities.Person : Total monthly debt payment calculated - result: 411.5333333333333 EUR
2026-03-07 19:21:05.185 DEBUG [http-nio-8080-exec-3] e.N.R.m.domain.entities.Person : Global DTI calculated - totalMonthlyPayment: 411.5333333333333 EUR, grossMonthlyIncome: 4333.3358333333335, DTI: 0.09496917597932154
2026-03-07 19:21:05.185 DEBUG [http-nio-8080-exec-3] e.N.R.m.domain.entities.Person : Total outstanding debt calculated - result: 10000.05 EUR
2026-03-07 19:21:05.186 DEBUG [http-nio-8080-exec-3] e.N.R.m.a.u.RequestApplicationService : getRequestDetails operation completed successfully - requestId: [665c1b2c3d4e5f6a7b8c9d01]
2026-03-07 19:21:05.186 INFO  [http-nio-8080-exec-3] e.N.R.m.i.a.i.RequestControllerAdapter : Response sent successfully - Status: 200 - RequestId: [665c1b2c3d4e5f6a7b8c9d01]
2026-03-07 19:21:11.766 INFO  [http-nio-8080-exec-4] e.N.R.m.i.a.i.ScoringControllerAdapter : Request received: GET /api/requests/665c1b2c3d4e5f6a7b8c9d01/scoring
2026-03-07 19:21:11.767 DEBUG [http-nio-8080-exec-4] e.N.R.m.a.u.ScoringApplicationService : Starting getScoringByRequestId operation - requestId: [665c1b2c3d4e5f6a7b8c9d01]
2026-03-07 19:21:11.767 DEBUG [http-nio-8080-exec-4] e.N.R.m.a.u.ScoringApplicationService : Validating requestId for scoring: [665c1b2c3d4e5f6a7b8c9d01]
2026-03-07 19:21:11.768 DEBUG [http-nio-8080-exec-4] e.N.R.m.i.a.o.ScoringRepositoryAdapter : Executing findLatestByRequestId operation on scorings - requestId: [665c1b2c3d4e5f6a7b8c9d01]
2026-03-07 19:21:11.797 DEBUG [http-nio-8080-exec-4] e.N.R.m.i.a.o.ScoringRepositoryAdapter : Scoring found for request - requestId: [665c1b2c3d4e5f6a7b8c9d01]
2026-03-07 19:21:11.799 DEBUG [http-nio-8080-exec-4] e.N.R.m.a.u.ScoringApplicationService : Scoring found for request - requestId: [665c1b2c3d4e5f6a7b8c9d01]
2026-03-07 19:21:11.800 DEBUG [http-nio-8080-exec-4] e.N.R.m.a.u.ScoringApplicationService : getScoringByRequestId operation completed successfully - requestId: [665c1b2c3d4e5f6a7b8c9d01]
2026-03-07 19:21:11.800 INFO  [http-nio-8080-exec-4] e.N.R.m.i.a.i.ScoringControllerAdapter : Response sent successfully - Status: 200 - RequestId: [665c1b2c3d4e5f6a7b8c9d01]
2026-03-07 19:21:17.844 INFO  [http-nio-8080-exec-5] e.N.R.m.i.a.i.SimulationControllerAdapter : Request received: GET /api/simulations
2026-03-07 19:21:17.844 DEBUG [http-nio-8080-exec-5] e.N.R.m.a.u.SimulationApplicationService : Starting listSimulations operation with filters - requestId: [null], partyName: [null], partyId: [null]
2026-03-07 19:21:17.844 DEBUG [http-nio-8080-exec-5] e.N.R.m.i.a.o.SimulationRepositoryAdapter : Executing findWithFilters operation on simulations - requestId: [null], partyId: [null]
2026-03-07 19:21:17.871 DEBUG [http-nio-8080-exec-5] e.N.R.m.i.a.o.SimulationRepositoryAdapter : findWithFilters operation on simulations completed - Retrieved 5 entity(ies)
2026-03-07 19:21:17.872 DEBUG [http-nio-8080-exec-5] e.N.R.m.a.u.SimulationApplicationService : listSimulations operation completed - Found 5 simulation(s)
2026-03-07 19:21:17.873 DEBUG [http-nio-8080-exec-5] e.N.R.m.i.a.o.PartyRepositoryAdapter : Executing findPartyWithNameOnly operation - partyId: [665a1b2c3d4e5f6a7b8c9d01]
2026-03-07 19:21:17.879 DEBUG [http-nio-8080-exec-5] e.N.R.m.i.a.o.PartyRepositoryAdapter : Partial Party retrieved - partyId: [665a1b2c3d4e5f6a7b8c9d01], fullName: [Maria Garcia Fernandez]
2026-03-07 19:21:17.880 DEBUG [http-nio-8080-exec-5] e.N.R.m.i.a.o.PartyRepositoryAdapter : Executing findPartyWithNameOnly operation - partyId: [665a1b2c3d4e5f6a7b8c9d02]
2026-03-07 19:21:17.887 DEBUG [http-nio-8080-exec-5] e.N.R.m.i.a.o.PartyRepositoryAdapter : Partial Party retrieved - partyId: [665a1b2c3d4e5f6a7b8c9d02], fullName: [Carlos Rodríguez Martín]
2026-03-07 19:21:17.888 DEBUG [http-nio-8080-exec-5] e.N.R.m.i.a.o.PartyRepositoryAdapter : Executing findPartyWithNameOnly operation - partyId: [665a1b2c3d4e5f6a7b8c9d03]
2026-03-07 19:21:17.893 DEBUG [http-nio-8080-exec-5] e.N.R.m.i.a.o.PartyRepositoryAdapter : Partial Party retrieved - partyId: [665a1b2c3d4e5f6a7b8c9d03], fullName: [Ana López Ruiz]
2026-03-07 19:21:17.894 DEBUG [http-nio-8080-exec-5] e.N.R.m.i.a.o.PartyRepositoryAdapter : Executing findPartyWithNameOnly operation - partyId: [665a1b2c3d4e5f6a7b8c9d01]
2026-03-07 19:21:17.900 DEBUG [http-nio-8080-exec-5] e.N.R.m.i.a.o.PartyRepositoryAdapter : Partial Party retrieved - partyId: [665a1b2c3d4e5f6a7b8c9d01], fullName: [Maria Garcia Fernandez]
2026-03-07 19:21:17.901 DEBUG [http-nio-8080-exec-5] e.N.R.m.i.a.o.PartyRepositoryAdapter : Executing findPartyWithNameOnly operation - partyId: [665a1b2c3d4e5f6a7b8c9d01]
2026-03-07 19:21:17.906 DEBUG [http-nio-8080-exec-5] e.N.R.m.i.a.o.PartyRepositoryAdapter : Partial Party retrieved - partyId: [665a1b2c3d4e5f6a7b8c9d01], fullName: [Maria Garcia Fernandez]
2026-03-07 19:21:17.907 DEBUG [http-nio-8080-exec-5] e.N.R.m.a.u.SimulationApplicationService : Mapping 5 simulation(s) to SimulationSummaryDTO
2026-03-07 19:21:17.908 INFO  [http-nio-8080-exec-5] e.N.R.m.i.a.i.SimulationControllerAdapter : Response sent successfully - Status: 200 - Items count: 5
2026-03-07 19:21:42.842 INFO  [http-nio-8080-exec-6] e.N.R.m.i.a.i.SimulationControllerAdapter : Request received: GET /api/simulations
2026-03-07 19:21:42.842 DEBUG [http-nio-8080-exec-6] e.N.R.m.a.u.SimulationApplicationService : Starting listSimulations operation with filters - requestId: [null], partyName: [Mar], partyId: [null]
2026-03-07 19:21:42.843 DEBUG [http-nio-8080-exec-6] e.N.R.m.i.a.o.SimulationRepositoryAdapter : Executing findWithFilters operation on simulations - requestId: [null], partyId: [null]
2026-03-07 19:21:42.852 DEBUG [http-nio-8080-exec-6] e.N.R.m.i.a.o.SimulationRepositoryAdapter : findWithFilters operation on simulations completed - Retrieved 5 entity(ies)
2026-03-07 19:21:42.852 DEBUG [http-nio-8080-exec-6] e.N.R.m.a.u.SimulationApplicationService : listSimulations operation completed - Found 5 simulation(s)
2026-03-07 19:21:42.853 DEBUG [http-nio-8080-exec-6] e.N.R.m.i.a.o.PartyRepositoryAdapter : Executing findPartyWithNameOnly operation - partyId: [665a1b2c3d4e5f6a7b8c9d01]
2026-03-07 19:21:42.857 DEBUG [http-nio-8080-exec-6] e.N.R.m.i.a.o.PartyRepositoryAdapter : Partial Party retrieved - partyId: [665a1b2c3d4e5f6a7b8c9d01], fullName: [Maria Garcia Fernandez]
2026-03-07 19:21:42.858 DEBUG [http-nio-8080-exec-6] e.N.R.m.i.a.o.PartyRepositoryAdapter : Executing findPartyWithNameOnly operation - partyId: [665a1b2c3d4e5f6a7b8c9d02]
2026-03-07 19:21:42.866 DEBUG [http-nio-8080-exec-6] e.N.R.m.i.a.o.PartyRepositoryAdapter : Partial Party retrieved - partyId: [665a1b2c3d4e5f6a7b8c9d02], fullName: [Carlos Rodríguez Martín]
2026-03-07 19:21:42.867 DEBUG [http-nio-8080-exec-6] e.N.R.m.i.a.o.PartyRepositoryAdapter : Executing findPartyWithNameOnly operation - partyId: [665a1b2c3d4e5f6a7b8c9d03]
2026-03-07 19:21:42.873 DEBUG [http-nio-8080-exec-6] e.N.R.m.i.a.o.PartyRepositoryAdapter : Partial Party retrieved - partyId: [665a1b2c3d4e5f6a7b8c9d03], fullName: [Ana López Ruiz]
2026-03-07 19:21:42.873 DEBUG [http-nio-8080-exec-6] e.N.R.m.i.a.o.PartyRepositoryAdapter : Executing findPartyWithNameOnly operation - partyId: [665a1b2c3d4e5f6a7b8c9d01]
2026-03-07 19:21:42.878 DEBUG [http-nio-8080-exec-6] e.N.R.m.i.a.o.PartyRepositoryAdapter : Partial Party retrieved - partyId: [665a1b2c3d4e5f6a7b8c9d01], fullName: [Maria Garcia Fernandez]
2026-03-07 19:21:42.878 DEBUG [http-nio-8080-exec-6] e.N.R.m.i.a.o.PartyRepositoryAdapter : Executing findPartyWithNameOnly operation - partyId: [665a1b2c3d4e5f6a7b8c9d01]
2026-03-07 19:21:42.883 DEBUG [http-nio-8080-exec-6] e.N.R.m.i.a.o.PartyRepositoryAdapter : Partial Party retrieved - partyId: [665a1b2c3d4e5f6a7b8c9d01], fullName: [Maria Garcia Fernandez]
2026-03-07 19:21:42.883 DEBUG [http-nio-8080-exec-6] e.N.R.m.a.u.SimulationApplicationService : Applying post-fetch partyName filter: [Mar]
2026-03-07 19:21:42.884 DEBUG [http-nio-8080-exec-6] e.N.R.m.a.u.SimulationApplicationService : After partyName filter - 5 simulation(s) remaining
2026-03-07 19:21:42.885 DEBUG [http-nio-8080-exec-6] e.N.R.m.a.u.SimulationApplicationService : Mapping 4 simulation(s) to SimulationSummaryDTO
2026-03-07 19:21:42.885 INFO  [http-nio-8080-exec-6] e.N.R.m.i.a.i.SimulationControllerAdapter : Response sent successfully - Status: 200 - Items count: 4
2026-03-07 19:21:56.257 INFO  [http-nio-8080-exec-7] e.N.R.m.i.a.i.SimulationControllerAdapter : Request received: GET /api/simulations
2026-03-07 19:21:56.258 DEBUG [http-nio-8080-exec-7] e.N.R.m.a.u.SimulationApplicationService : Starting listSimulations operation with filters - requestId: [null], partyName: [Maria], partyId: [null]
2026-03-07 19:21:56.258 DEBUG [http-nio-8080-exec-7] e.N.R.m.i.a.o.SimulationRepositoryAdapter : Executing findWithFilters operation on simulations - requestId: [null], partyId: [null]
2026-03-07 19:21:56.266 DEBUG [http-nio-8080-exec-7] e.N.R.m.i.a.o.SimulationRepositoryAdapter : findWithFilters operation on simulations completed - Retrieved 5 entity(ies)
2026-03-07 19:21:56.266 DEBUG [http-nio-8080-exec-7] e.N.R.m.a.u.SimulationApplicationService : listSimulations operation completed - Found 5 simulation(s)
2026-03-07 19:21:56.266 DEBUG [http-nio-8080-exec-7] e.N.R.m.i.a.o.PartyRepositoryAdapter : Executing findPartyWithNameOnly operation - partyId: [665a1b2c3d4e5f6a7b8c9d01]
2026-03-07 19:21:56.270 DEBUG [http-nio-8080-exec-7] e.N.R.m.i.a.o.PartyRepositoryAdapter : Partial Party retrieved - partyId: [665a1b2c3d4e5f6a7b8c9d01], fullName: [Maria Garcia Fernandez]
2026-03-07 19:21:56.271 DEBUG [http-nio-8080-exec-7] e.N.R.m.i.a.o.PartyRepositoryAdapter : Executing findPartyWithNameOnly operation - partyId: [665a1b2c3d4e5f6a7b8c9d02]
2026-03-07 19:21:56.277 DEBUG [http-nio-8080-exec-7] e.N.R.m.i.a.o.PartyRepositoryAdapter : Partial Party retrieved - partyId: [665a1b2c3d4e5f6a7b8c9d02], fullName: [Carlos Rodríguez Martín]
2026-03-07 19:21:56.278 DEBUG [http-nio-8080-exec-7] e.N.R.m.i.a.o.PartyRepositoryAdapter : Executing findPartyWithNameOnly operation - partyId: [665a1b2c3d4e5f6a7b8c9d03]
2026-03-07 19:21:56.286 DEBUG [http-nio-8080-exec-7] e.N.R.m.i.a.o.PartyRepositoryAdapter : Partial Party retrieved - partyId: [665a1b2c3d4e5f6a7b8c9d03], fullName: [Ana López Ruiz]
2026-03-07 19:21:56.287 DEBUG [http-nio-8080-exec-7] e.N.R.m.i.a.o.PartyRepositoryAdapter : Executing findPartyWithNameOnly operation - partyId: [665a1b2c3d4e5f6a7b8c9d01]
2026-03-07 19:21:56.294 DEBUG [http-nio-8080-exec-7] e.N.R.m.i.a.o.PartyRepositoryAdapter : Partial Party retrieved - partyId: [665a1b2c3d4e5f6a7b8c9d01], fullName: [Maria Garcia Fernandez]
2026-03-07 19:21:56.294 DEBUG [http-nio-8080-exec-7] e.N.R.m.i.a.o.PartyRepositoryAdapter : Executing findPartyWithNameOnly operation - partyId: [665a1b2c3d4e5f6a7b8c9d01]
2026-03-07 19:21:56.299 DEBUG [http-nio-8080-exec-7] e.N.R.m.i.a.o.PartyRepositoryAdapter : Partial Party retrieved - partyId: [665a1b2c3d4e5f6a7b8c9d01], fullName: [Maria Garcia Fernandez]
2026-03-07 19:21:56.300 DEBUG [http-nio-8080-exec-7] e.N.R.m.a.u.SimulationApplicationService : Applying post-fetch partyName filter: [Maria]
2026-03-07 19:21:56.301 DEBUG [http-nio-8080-exec-7] e.N.R.m.a.u.SimulationApplicationService : After partyName filter - 5 simulation(s) remaining
2026-03-07 19:21:56.301 DEBUG [http-nio-8080-exec-7] e.N.R.m.a.u.SimulationApplicationService : Mapping 3 simulation(s) to SimulationSummaryDTO
2026-03-07 19:21:56.302 INFO  [http-nio-8080-exec-7] e.N.R.m.i.a.i.SimulationControllerAdapter : Response sent successfully - Status: 200 - Items count: 3
2026-03-07 19:22:05.645 INFO  [http-nio-8080-exec-8] e.N.R.m.i.a.i.SimulationControllerAdapter : Request received: GET /api/simulations/665f1b2c3d4e5f6a7b8c9d01
2026-03-07 19:22:05.645 DEBUG [http-nio-8080-exec-8] e.N.R.m.a.u.SimulationApplicationService : Starting getSimulationDetails operation - simulationId: [665f1b2c3d4e5f6a7b8c9d01]
2026-03-07 19:22:05.646 DEBUG [http-nio-8080-exec-8] e.N.R.m.a.u.SimulationApplicationService : Validating simulationId: [665f1b2c3d4e5f6a7b8c9d01]
2026-03-07 19:22:05.646 DEBUG [http-nio-8080-exec-8] e.N.R.m.i.a.o.SimulationRepositoryAdapter : Executing findById operation on simulations - simulationId: [665f1b2c3d4e5f6a7b8c9d01]
2026-03-07 19:22:05.650 DEBUG [http-nio-8080-exec-8] e.N.R.m.i.a.o.SimulationRepositoryAdapter : Simulation found in database - simulationId: [665f1b2c3d4e5f6a7b8c9d01]
2026-03-07 19:22:05.651 DEBUG [http-nio-8080-exec-8] e.N.R.m.a.u.SimulationApplicationService : Simulation found - simulationId: [665f1b2c3d4e5f6a7b8c9d01]
2026-03-07 19:22:05.651 DEBUG [http-nio-8080-exec-8] e.N.R.m.i.a.o.ScoringRepositoryAdapter : Executing findById operation on scorings - scoringId: [665d1b2c3d4e5f6a7b8c9d01]
2026-03-07 19:22:05.655 DEBUG [http-nio-8080-exec-8] e.N.R.m.i.a.o.ScoringRepositoryAdapter : Scoring found in database - scoringId: [665d1b2c3d4e5f6a7b8c9d01]
2026-03-07 19:22:05.655 DEBUG [http-nio-8080-exec-8] e.N.R.m.a.u.SimulationApplicationService : Base scoring resolved for simulation comparison - scoringId: [665d1b2c3d4e5f6a7b8c9d01]
2026-03-07 19:22:05.655 DEBUG [http-nio-8080-exec-8] e.N.R.m.a.u.SimulationApplicationService : getSimulationDetails operation completed successfully - simulationId: [665f1b2c3d4e5f6a7b8c9d01]
2026-03-07 19:22:05.656 INFO  [http-nio-8080-exec-8] e.N.R.m.i.a.i.SimulationControllerAdapter : Response sent successfully - Status: 200 - RequestId: [665f1b2c3d4e5f6a7b8c9d01]
2026-03-07 19:22:32.082 INFO  [http-nio-8080-exec-9] e.N.R.m.i.a.i.RequestControllerAdapter : Request received: GET /api/requests
2026-03-07 19:22:32.082 DEBUG [http-nio-8080-exec-9] e.N.R.m.a.u.RequestApplicationService : Starting listRequests operation with filters - partyName: [Maria], requestStatus: [null]
2026-03-07 19:22:32.083 DEBUG [http-nio-8080-exec-9] e.N.R.m.i.a.o.RequestRepositoryAdapter : Executing findWithFilters operation - partyName: [Maria], requestStatus: [null]
2026-03-07 19:22:32.090 DEBUG [http-nio-8080-exec-9] e.N.R.m.i.a.o.RequestRepositoryAdapter : findWithFilters operation completed - Retrieved 0 entity(ies)
2026-03-07 19:22:32.091 DEBUG [http-nio-8080-exec-9] e.N.R.m.i.a.o.RequestRepositoryAdapter : Mapping 0 RequestEntity(ies) to Request domain objects
2026-03-07 19:22:32.091 DEBUG [http-nio-8080-exec-9] e.N.R.m.a.u.RequestApplicationService : listRequests operation completed - Found 0 request(s)
2026-03-07 19:22:32.093 DEBUG [http-nio-8080-exec-9] e.N.R.m.a.u.RequestApplicationService : Mapping 0 request(s) to RequestSummaryDTO
2026-03-07 19:22:32.093 INFO  [http-nio-8080-exec-9] e.N.R.m.i.a.i.RequestControllerAdapter : Response sent successfully - Status: 200 - Items count: 0
2026-03-07 19:22:44.897 INFO  [http-nio-8080-exec-10] e.N.R.m.i.a.i.RequestControllerAdapter : Request received: GET /api/requests
2026-03-07 19:22:44.897 DEBUG [http-nio-8080-exec-10] e.N.R.m.a.u.RequestApplicationService : Starting listRequests operation with filters - partyName: [Mar], requestStatus: [null]
2026-03-07 19:22:44.897 DEBUG [http-nio-8080-exec-10] e.N.R.m.i.a.o.RequestRepositoryAdapter : Executing findWithFilters operation - partyName: [Mar], requestStatus: [null]
2026-03-07 19:22:44.902 DEBUG [http-nio-8080-exec-10] e.N.R.m.i.a.o.RequestRepositoryAdapter : findWithFilters operation completed - Retrieved 0 entity(ies)
2026-03-07 19:22:44.902 DEBUG [http-nio-8080-exec-10] e.N.R.m.i.a.o.RequestRepositoryAdapter : Mapping 0 RequestEntity(ies) to Request domain objects
2026-03-07 19:22:44.902 DEBUG [http-nio-8080-exec-10] e.N.R.m.a.u.RequestApplicationService : listRequests operation completed - Found 0 request(s)
2026-03-07 19:22:44.902 DEBUG [http-nio-8080-exec-10] e.N.R.m.a.u.RequestApplicationService : Mapping 0 request(s) to RequestSummaryDTO
2026-03-07 19:22:44.903 INFO  [http-nio-8080-exec-10] e.N.R.m.i.a.i.RequestControllerAdapter : Response sent successfully - Status: 200 - Items count: 0
2026-03-07 19:23:37.138 INFO  [http-nio-8080-exec-2] e.N.R.m.i.a.i.RequestControllerAdapter : Request received: GET /api/requests
2026-03-07 19:23:37.139 DEBUG [http-nio-8080-exec-2] e.N.R.m.a.u.RequestApplicationService : Starting listRequests operation with filters - partyName: [Ana], requestStatus: [null]
2026-03-07 19:23:37.139 DEBUG [http-nio-8080-exec-2] e.N.R.m.i.a.o.RequestRepositoryAdapter : Executing findWithFilters operation - partyName: [Ana], requestStatus: [null]
2026-03-07 19:23:37.143 DEBUG [http-nio-8080-exec-2] e.N.R.m.i.a.o.RequestRepositoryAdapter : findWithFilters operation completed - Retrieved 0 entity(ies)
2026-03-07 19:23:37.144 DEBUG [http-nio-8080-exec-2] e.N.R.m.i.a.o.RequestRepositoryAdapter : Mapping 0 RequestEntity(ies) to Request domain objects
2026-03-07 19:23:37.144 DEBUG [http-nio-8080-exec-2] e.N.R.m.a.u.RequestApplicationService : listRequests operation completed - Found 0 request(s)
2026-03-07 19:23:37.144 DEBUG [http-nio-8080-exec-2] e.N.R.m.a.u.RequestApplicationService : Mapping 0 request(s) to RequestSummaryDTO
2026-03-07 19:23:37.144 INFO  [http-nio-8080-exec-2] e.N.R.m.i.a.i.RequestControllerAdapter : Response sent successfully - Status: 200 - Items count: 0
2026-03-07 19:27:34.430 INFO  [main] e.N.R.m.MsCoreDataApplication : Starting MsCoreDataApplication using Java 17.0.12 with PID 36412 (C:\Users\ferna\Escritorio\Escritorio\TFG\Implementacion\ms-core-data\target\classes started by ferna in C:\Users\ferna\Escritorio\Escritorio\TFG\Implementacion\ms-core-data)
2026-03-07 19:27:34.436 DEBUG [main] e.N.R.m.MsCoreDataApplication : Running with Spring Boot v4.0.3, Spring v7.0.5
2026-03-07 19:27:34.438 INFO  [main] e.N.R.m.MsCoreDataApplication : No active profile set, falling back to 1 default profile: "default"
2026-03-07 19:27:35.528 INFO  [main] o.s.d.r.c.RepositoryConfigurationDelegate : Bootstrapping Spring Data MongoDB repositories in DEFAULT mode.
2026-03-07 19:27:35.772 INFO  [main] o.s.d.r.c.RepositoryConfigurationDelegate : Finished Spring Data repository scanning in 228 ms. Found 5 MongoDB repository interfaces.
2026-03-07 19:27:36.507 INFO  [main] o.s.boot.tomcat.TomcatWebServer : Tomcat initialized with port 8080 (http)
2026-03-07 19:27:36.524 INFO  [main] o.a.coyote.http11.Http11NioProtocol : Initializing ProtocolHandler ["http-nio-8080"]
2026-03-07 19:27:36.527 INFO  [main] o.a.catalina.core.StandardService : Starting service [Tomcat]
2026-03-07 19:27:36.528 INFO  [main] o.a.catalina.core.StandardEngine : Starting Servlet engine: [Apache Tomcat/11.0.18]
2026-03-07 19:27:36.631 INFO  [main] o.s.b.w.c.s.WebApplicationContextInitializer : Root WebApplicationContext: initialization completed in 2040 ms
2026-03-07 19:27:38.941 INFO  [main] o.a.coyote.http11.Http11NioProtocol : Starting ProtocolHandler ["http-nio-8080"]
2026-03-07 19:27:38.975 INFO  [main] o.s.boot.tomcat.TomcatWebServer : Tomcat started on port 8080 (http) with context path '/'
2026-03-07 19:27:38.991 INFO  [main] e.N.R.m.MsCoreDataApplication : Started MsCoreDataApplication in 5.514 seconds (process running for 6.21)
2026-03-07 19:27:45.426 INFO  [http-nio-8080-exec-1] o.a.c.c.C.[Tomcat].[localhost].[/] : Initializing Spring DispatcherServlet 'dispatcherServlet'
2026-03-07 19:27:45.427 INFO  [http-nio-8080-exec-1] o.s.web.servlet.DispatcherServlet : Initializing Servlet 'dispatcherServlet'
2026-03-07 19:27:45.431 INFO  [http-nio-8080-exec-1] o.s.web.servlet.DispatcherServlet : Completed initialization in 3 ms
2026-03-07 19:27:45.506 INFO  [http-nio-8080-exec-1] e.N.R.m.i.a.i.RequestControllerAdapter : Request received: GET /api/requests
2026-03-07 19:27:45.507 DEBUG [http-nio-8080-exec-1] e.N.R.m.a.u.RequestApplicationService : Starting listRequests operation with filters - partyName: [Ana], requestStatus: [null]
2026-03-07 19:27:45.508 DEBUG [http-nio-8080-exec-1] e.N.R.m.i.a.o.RequestRepositoryAdapter : Executing findWithFilters operation - partyName: [null], requestStatus: [null]
2026-03-07 19:27:45.717 DEBUG [http-nio-8080-exec-1] e.N.R.m.i.a.o.RequestRepositoryAdapter : findWithFilters operation completed - Retrieved 3 entity(ies)
2026-03-07 19:27:45.718 DEBUG [http-nio-8080-exec-1] e.N.R.m.i.a.o.RequestRepositoryAdapter : Mapping 3 RequestEntity(ies) to Request domain objects
2026-03-07 19:27:45.722 DEBUG [http-nio-8080-exec-1] e.N.R.m.a.u.RequestApplicationService : listRequests operation completed - Found 3 request(s)
2026-03-07 19:27:45.723 DEBUG [http-nio-8080-exec-1] e.N.R.m.i.a.o.PartyRepositoryAdapter : Executing findPartyWithNameOnly operation - partyId: [665a1b2c3d4e5f6a7b8c9d01]
2026-03-07 19:27:45.759 DEBUG [http-nio-8080-exec-1] e.N.R.m.i.a.o.PartyRepositoryAdapter : Partial Party retrieved - partyId: [665a1b2c3d4e5f6a7b8c9d01], fullName: [Maria Garcia Fernandez]
2026-03-07 19:27:45.760 DEBUG [http-nio-8080-exec-1] e.N.R.m.i.a.o.PartyRepositoryAdapter : Executing findPartyWithNameOnly operation - partyId: [665a1b2c3d4e5f6a7b8c9d02]
2026-03-07 19:27:45.767 DEBUG [http-nio-8080-exec-1] e.N.R.m.i.a.o.PartyRepositoryAdapter : Partial Party retrieved - partyId: [665a1b2c3d4e5f6a7b8c9d02], fullName: [Carlos Rodríguez Martín]
2026-03-07 19:27:45.767 DEBUG [http-nio-8080-exec-1] e.N.R.m.i.a.o.PartyRepositoryAdapter : Executing findPartyWithNameOnly operation - partyId: [665a1b2c3d4e5f6a7b8c9d03]
2026-03-07 19:27:45.772 DEBUG [http-nio-8080-exec-1] e.N.R.m.i.a.o.PartyRepositoryAdapter : Partial Party retrieved - partyId: [665a1b2c3d4e5f6a7b8c9d03], fullName: [Ana López Ruiz]
2026-03-07 19:27:45.774 DEBUG [http-nio-8080-exec-1] e.N.R.m.a.u.RequestApplicationService : Mapping 1 request(s) to RequestSummaryDTO
2026-03-07 19:27:45.776 INFO  [http-nio-8080-exec-1] e.N.R.m.i.a.i.RequestControllerAdapter : Response sent successfully - Status: 200 - Items count: 1
2026-03-07 19:27:52.548 INFO  [http-nio-8080-exec-7] e.N.R.m.i.a.i.RequestControllerAdapter : Request received: GET /api/requests
2026-03-07 19:27:52.549 DEBUG [http-nio-8080-exec-7] e.N.R.m.a.u.RequestApplicationService : Starting listRequests operation with filters - partyName: [Maria], requestStatus: [null]
2026-03-07 19:27:52.549 DEBUG [http-nio-8080-exec-7] e.N.R.m.i.a.o.RequestRepositoryAdapter : Executing findWithFilters operation - partyName: [null], requestStatus: [null]
2026-03-07 19:27:52.556 DEBUG [http-nio-8080-exec-7] e.N.R.m.i.a.o.RequestRepositoryAdapter : findWithFilters operation completed - Retrieved 3 entity(ies)
2026-03-07 19:27:52.557 DEBUG [http-nio-8080-exec-7] e.N.R.m.i.a.o.RequestRepositoryAdapter : Mapping 3 RequestEntity(ies) to Request domain objects
2026-03-07 19:27:52.558 DEBUG [http-nio-8080-exec-7] e.N.R.m.a.u.RequestApplicationService : listRequests operation completed - Found 3 request(s)
2026-03-07 19:27:52.559 DEBUG [http-nio-8080-exec-7] e.N.R.m.i.a.o.PartyRepositoryAdapter : Executing findPartyWithNameOnly operation - partyId: [665a1b2c3d4e5f6a7b8c9d01]
2026-03-07 19:27:52.566 DEBUG [http-nio-8080-exec-7] e.N.R.m.i.a.o.PartyRepositoryAdapter : Partial Party retrieved - partyId: [665a1b2c3d4e5f6a7b8c9d01], fullName: [Maria Garcia Fernandez]
2026-03-07 19:27:52.567 DEBUG [http-nio-8080-exec-7] e.N.R.m.i.a.o.PartyRepositoryAdapter : Executing findPartyWithNameOnly operation - partyId: [665a1b2c3d4e5f6a7b8c9d02]
2026-03-07 19:27:52.574 DEBUG [http-nio-8080-exec-7] e.N.R.m.i.a.o.PartyRepositoryAdapter : Partial Party retrieved - partyId: [665a1b2c3d4e5f6a7b8c9d02], fullName: [Carlos Rodríguez Martín]
2026-03-07 19:27:52.574 DEBUG [http-nio-8080-exec-7] e.N.R.m.i.a.o.PartyRepositoryAdapter : Executing findPartyWithNameOnly operation - partyId: [665a1b2c3d4e5f6a7b8c9d03]
2026-03-07 19:27:52.583 DEBUG [http-nio-8080-exec-7] e.N.R.m.i.a.o.PartyRepositoryAdapter : Partial Party retrieved - partyId: [665a1b2c3d4e5f6a7b8c9d03], fullName: [Ana López Ruiz]
2026-03-07 19:27:52.583 DEBUG [http-nio-8080-exec-7] e.N.R.m.a.u.RequestApplicationService : Mapping 1 request(s) to RequestSummaryDTO
2026-03-07 19:27:52.585 INFO  [http-nio-8080-exec-7] e.N.R.m.i.a.i.RequestControllerAdapter : Response sent successfully - Status: 200 - Items count: 1
2026-03-07 19:28:31.394 INFO  [http-nio-8080-exec-4] e.N.R.m.i.a.i.RequestControllerAdapter : Request received: GET /api/requests
2026-03-07 19:28:31.395 DEBUG [http-nio-8080-exec-4] e.N.R.m.a.u.RequestApplicationService : Starting listRequests operation with filters - partyName: [], requestStatus: [null]
2026-03-07 19:28:31.395 DEBUG [http-nio-8080-exec-4] e.N.R.m.i.a.o.RequestRepositoryAdapter : Executing findWithFilters operation - partyName: [null], requestStatus: [null]
2026-03-07 19:28:31.402 DEBUG [http-nio-8080-exec-4] e.N.R.m.i.a.o.RequestRepositoryAdapter : findWithFilters operation completed - Retrieved 3 entity(ies)
2026-03-07 19:28:31.402 DEBUG [http-nio-8080-exec-4] e.N.R.m.i.a.o.RequestRepositoryAdapter : Mapping 3 RequestEntity(ies) to Request domain objects
2026-03-07 19:28:31.403 DEBUG [http-nio-8080-exec-4] e.N.R.m.a.u.RequestApplicationService : listRequests operation completed - Found 3 request(s)
2026-03-07 19:28:31.404 DEBUG [http-nio-8080-exec-4] e.N.R.m.i.a.o.PartyRepositoryAdapter : Executing findPartyWithNameOnly operation - partyId: [665a1b2c3d4e5f6a7b8c9d01]
2026-03-07 19:28:31.408 DEBUG [http-nio-8080-exec-4] e.N.R.m.i.a.o.PartyRepositoryAdapter : Partial Party retrieved - partyId: [665a1b2c3d4e5f6a7b8c9d01], fullName: [Maria Garcia Fernandez]
2026-03-07 19:28:31.409 DEBUG [http-nio-8080-exec-4] e.N.R.m.i.a.o.PartyRepositoryAdapter : Executing findPartyWithNameOnly operation - partyId: [665a1b2c3d4e5f6a7b8c9d02]
2026-03-07 19:28:31.416 DEBUG [http-nio-8080-exec-4] e.N.R.m.i.a.o.PartyRepositoryAdapter : Partial Party retrieved - partyId: [665a1b2c3d4e5f6a7b8c9d02], fullName: [Carlos Rodríguez Martín]
2026-03-07 19:28:31.416 DEBUG [http-nio-8080-exec-4] e.N.R.m.i.a.o.PartyRepositoryAdapter : Executing findPartyWithNameOnly operation - partyId: [665a1b2c3d4e5f6a7b8c9d03]
2026-03-07 19:28:31.421 DEBUG [http-nio-8080-exec-4] e.N.R.m.i.a.o.PartyRepositoryAdapter : Partial Party retrieved - partyId: [665a1b2c3d4e5f6a7b8c9d03], fullName: [Ana López Ruiz]
2026-03-07 19:28:31.422 DEBUG [http-nio-8080-exec-4] e.N.R.m.a.u.RequestApplicationService : Mapping 3 request(s) to RequestSummaryDTO
2026-03-07 19:28:31.422 INFO  [http-nio-8080-exec-4] e.N.R.m.i.a.i.RequestControllerAdapter : Response sent successfully - Status: 200 - Items count: 3
2026-03-07 19:39:36.922 INFO  [main] e.N.R.m.MsCoreDataApplication : Starting MsCoreDataApplication using Java 17.0.12 with PID 14384 (C:\Users\ferna\Escritorio\Escritorio\TFG\Implementacion\ms-core-data\target\classes started by ferna in C:\Users\ferna\Escritorio\Escritorio\TFG\Implementacion\ms-core-data)
2026-03-07 19:39:36.934 DEBUG [main] e.N.R.m.MsCoreDataApplication : Running with Spring Boot v4.0.3, Spring v7.0.5
2026-03-07 19:39:36.936 INFO  [main] e.N.R.m.MsCoreDataApplication : No active profile set, falling back to 1 default profile: "default"
2026-03-07 19:39:38.063 INFO  [main] o.s.d.r.c.RepositoryConfigurationDelegate : Bootstrapping Spring Data MongoDB repositories in DEFAULT mode.
2026-03-07 19:39:38.278 INFO  [main] o.s.d.r.c.RepositoryConfigurationDelegate : Finished Spring Data repository scanning in 205 ms. Found 5 MongoDB repository interfaces.
2026-03-07 19:39:41.164 INFO  [main] e.N.R.m.MsCoreDataApplication : Starting MsCoreDataApplication using Java 17.0.12 with PID 36084 (C:\Users\ferna\Escritorio\Escritorio\TFG\Implementacion\ms-core-data\target\classes started by ferna in C:\Users\ferna\Escritorio\Escritorio\TFG\Implementacion\ms-core-data)
2026-03-07 19:39:41.170 DEBUG [main] e.N.R.m.MsCoreDataApplication : Running with Spring Boot v4.0.3, Spring v7.0.5
2026-03-07 19:39:41.172 INFO  [main] e.N.R.m.MsCoreDataApplication : No active profile set, falling back to 1 default profile: "default"
2026-03-07 19:39:42.242 INFO  [main] o.s.d.r.c.RepositoryConfigurationDelegate : Bootstrapping Spring Data MongoDB repositories in DEFAULT mode.
2026-03-07 19:39:42.486 INFO  [main] o.s.d.r.c.RepositoryConfigurationDelegate : Finished Spring Data repository scanning in 233 ms. Found 5 MongoDB repository interfaces.
2026-03-07 19:39:43.155 INFO  [main] o.s.boot.tomcat.TomcatWebServer : Tomcat initialized with port 8080 (http)
2026-03-07 19:39:43.179 INFO  [main] o.a.coyote.http11.Http11NioProtocol : Initializing ProtocolHandler ["http-nio-8080"]
2026-03-07 19:39:43.183 INFO  [main] o.a.catalina.core.StandardService : Starting service [Tomcat]
2026-03-07 19:39:43.183 INFO  [main] o.a.catalina.core.StandardEngine : Starting Servlet engine: [Apache Tomcat/11.0.18]
2026-03-07 19:39:43.294 INFO  [main] o.s.b.w.c.s.WebApplicationContextInitializer : Root WebApplicationContext: initialization completed in 1972 ms
2026-03-07 19:39:45.248 INFO  [main] o.a.coyote.http11.Http11NioProtocol : Starting ProtocolHandler ["http-nio-8080"]
2026-03-07 19:39:45.286 INFO  [main] o.s.boot.tomcat.TomcatWebServer : Tomcat started on port 8080 (http) with context path '/'
2026-03-07 19:39:45.297 INFO  [main] e.N.R.m.MsCoreDataApplication : Started MsCoreDataApplication in 5.103 seconds (process running for 5.715)
2026-03-07 19:41:11.934 INFO  [http-nio-8080-exec-2] o.a.c.c.C.[Tomcat].[localhost].[/] : Initializing Spring DispatcherServlet 'dispatcherServlet'
2026-03-07 19:41:11.936 INFO  [http-nio-8080-exec-2] o.s.web.servlet.DispatcherServlet : Initializing Servlet 'dispatcherServlet'
2026-03-07 19:41:11.938 INFO  [http-nio-8080-exec-2] o.s.web.servlet.DispatcherServlet : Completed initialization in 2 ms
2026-03-07 19:41:12.005 INFO  [http-nio-8080-exec-2] e.N.R.m.i.a.i.RequestControllerAdapter : Request received: GET /api/requests
2026-03-07 19:41:12.007 DEBUG [http-nio-8080-exec-2] e.N.R.m.a.u.RequestApplicationService : Starting listRequests operation with filters - partyName: [aei], requestStatus: [null]
2026-03-07 19:41:12.009 DEBUG [http-nio-8080-exec-2] e.N.R.m.i.a.o.RequestRepositoryAdapter : Executing findWithFilters operation - partyName: [null], requestStatus: [null]
2026-03-07 19:41:12.220 DEBUG [http-nio-8080-exec-2] e.N.R.m.i.a.o.RequestRepositoryAdapter : findWithFilters operation completed - Retrieved 3 entity(ies)
2026-03-07 19:41:12.220 DEBUG [http-nio-8080-exec-2] e.N.R.m.i.a.o.RequestRepositoryAdapter : Mapping 3 RequestEntity(ies) to Request domain objects
2026-03-07 19:41:12.225 DEBUG [http-nio-8080-exec-2] e.N.R.m.a.u.RequestApplicationService : listRequests operation completed - Found 3 request(s)
2026-03-07 19:41:12.226 DEBUG [http-nio-8080-exec-2] e.N.R.m.i.a.o.PartyRepositoryAdapter : Executing findPartyWithNameOnly operation - partyId: [665a1b2c3d4e5f6a7b8c9d01]
2026-03-07 19:41:12.258 DEBUG [http-nio-8080-exec-2] e.N.R.m.i.a.o.PartyRepositoryAdapter : Partial Party retrieved - partyId: [665a1b2c3d4e5f6a7b8c9d01], fullName: [Maria Garcia Fernandez]
2026-03-07 19:41:12.259 DEBUG [http-nio-8080-exec-2] e.N.R.m.i.a.o.PartyRepositoryAdapter : Executing findPartyWithNameOnly operation - partyId: [665a1b2c3d4e5f6a7b8c9d02]
2026-03-07 19:41:12.266 DEBUG [http-nio-8080-exec-2] e.N.R.m.i.a.o.PartyRepositoryAdapter : Partial Party retrieved - partyId: [665a1b2c3d4e5f6a7b8c9d02], fullName: [Carlos Rodríguez Martín]
2026-03-07 19:41:12.266 DEBUG [http-nio-8080-exec-2] e.N.R.m.i.a.o.PartyRepositoryAdapter : Executing findPartyWithNameOnly operation - partyId: [665a1b2c3d4e5f6a7b8c9d03]
2026-03-07 19:41:12.272 DEBUG [http-nio-8080-exec-2] e.N.R.m.i.a.o.PartyRepositoryAdapter : Partial Party retrieved - partyId: [665a1b2c3d4e5f6a7b8c9d03], fullName: [Ana López Ruiz]
2026-03-07 19:41:12.273 DEBUG [http-nio-8080-exec-2] e.N.R.m.a.u.RequestApplicationService : Mapping 0 request(s) to RequestSummaryDTO
2026-03-07 19:41:12.274 INFO  [http-nio-8080-exec-2] e.N.R.m.i.a.i.RequestControllerAdapter : Response sent successfully - Status: 200 - Items count: 0
2026-03-07 19:41:16.624 INFO  [http-nio-8080-exec-3] e.N.R.m.i.a.i.RequestControllerAdapter : Request received: GET /api/requests/665c1b2c3d4e5f6a7b8c9d01
2026-03-07 19:41:16.625 DEBUG [http-nio-8080-exec-3] e.N.R.m.a.u.RequestApplicationService : Starting getRequestDetails operation - requestId: [665c1b2c3d4e5f6a7b8c9d01]
2026-03-07 19:41:16.626 DEBUG [http-nio-8080-exec-3] e.N.R.m.a.u.RequestApplicationService : Validating requestId: [665c1b2c3d4e5f6a7b8c9d01]
2026-03-07 19:41:16.627 DEBUG [http-nio-8080-exec-3] e.N.R.m.i.a.o.RequestRepositoryAdapter : Executing findById operation - requestId: [665c1b2c3d4e5f6a7b8c9d01]
2026-03-07 19:41:16.637 DEBUG [http-nio-8080-exec-3] e.N.R.m.i.a.o.RequestRepositoryAdapter : Entity found in database - requestId: [665c1b2c3d4e5f6a7b8c9d01]
2026-03-07 19:41:16.638 DEBUG [http-nio-8080-exec-3] e.N.R.m.i.a.o.RequestRepositoryAdapter : Mapping RequestEntity to Request domain - requestId: [665c1b2c3d4e5f6a7b8c9d01]
2026-03-07 19:41:16.639 DEBUG [http-nio-8080-exec-3] e.N.R.m.a.u.RequestApplicationService : Request found - requestId: [665c1b2c3d4e5f6a7b8c9d01]
2026-03-07 19:41:16.639 DEBUG [http-nio-8080-exec-3] e.N.R.m.i.a.o.PartyRepositoryAdapter : Executing findById operation - partyId: [665a1b2c3d4e5f6a7b8c9d01]
2026-03-07 19:41:16.663 DEBUG [http-nio-8080-exec-3] e.N.R.m.i.a.o.PartyRepositoryAdapter : Party found in database - partyId: [665a1b2c3d4e5f6a7b8c9d01]
2026-03-07 19:41:16.664 DEBUG [http-nio-8080-exec-3] e.N.R.m.i.a.o.PartyRepositoryAdapter : Mapping PartyEntity to Party domain - partyId: [665a1b2c3d4e5f6a7b8c9d01]
2026-03-07 19:41:16.665 DEBUG [http-nio-8080-exec-3] e.N.R.m.i.a.o.ContractRepositoryAdapter : Executing findActiveByPartyId operation on contracts - partyId: [665a1b2c3d4e5f6a7b8c9d01]
2026-03-07 19:41:16.686 DEBUG [http-nio-8080-exec-3] e.N.R.m.i.a.o.ContractRepositoryAdapter : findActiveByPartyId operation completed - partyId: [665a1b2c3d4e5f6a7b8c9d01], active contracts found: 2
2026-03-07 19:41:16.687 DEBUG [http-nio-8080-exec-3] e.N.R.m.a.u.RequestApplicationService : Active contracts loaded for Party aggregate - partyId: [665a1b2c3d4e5f6a7b8c9d01], count: 2
2026-03-07 19:41:16.688 DEBUG [http-nio-8080-exec-3] e.N.R.m.domain.entities.Person : Total monthly debt payment calculated - result: 411.5333333333333 EUR
2026-03-07 19:41:16.688 DEBUG [http-nio-8080-exec-3] e.N.R.m.domain.entities.Person : Global DTI calculated - totalMonthlyPayment: 411.5333333333333 EUR, grossMonthlyIncome: 4333.3358333333335, DTI: 0.09496917597932154
2026-03-07 19:41:16.688 DEBUG [http-nio-8080-exec-3] e.N.R.m.domain.entities.Person : Total outstanding debt calculated - result: 10000.05 EUR
2026-03-07 19:41:16.689 DEBUG [http-nio-8080-exec-3] e.N.R.m.a.u.RequestApplicationService : getRequestDetails operation completed successfully - requestId: [665c1b2c3d4e5f6a7b8c9d01]
2026-03-07 19:41:16.690 INFO  [http-nio-8080-exec-3] e.N.R.m.i.a.i.RequestControllerAdapter : Response sent successfully - Status: 200 - RequestId: [665c1b2c3d4e5f6a7b8c9d01]
2026-03-07 19:41:22.083 INFO  [http-nio-8080-exec-4] e.N.R.m.i.a.i.RequestControllerAdapter : Request received: GET /api/requests/665c1b2c3d4e5f6a7b8c9d05
2026-03-07 19:41:22.084 DEBUG [http-nio-8080-exec-4] e.N.R.m.a.u.RequestApplicationService : Starting getRequestDetails operation - requestId: [665c1b2c3d4e5f6a7b8c9d05]
2026-03-07 19:41:22.085 DEBUG [http-nio-8080-exec-4] e.N.R.m.a.u.RequestApplicationService : Validating requestId: [665c1b2c3d4e5f6a7b8c9d05]
2026-03-07 19:41:22.085 DEBUG [http-nio-8080-exec-4] e.N.R.m.i.a.o.RequestRepositoryAdapter : Executing findById operation - requestId: [665c1b2c3d4e5f6a7b8c9d05]
2026-03-07 19:41:22.087 WARN  [http-nio-8080-exec-4] e.N.R.m.i.a.o.RequestRepositoryAdapter : Entity not found in database - requestId: [665c1b2c3d4e5f6a7b8c9d05]
2026-03-07 19:41:22.091 WARN  [http-nio-8080-exec-4] e.N.R.m.i.a.i.GlobalExceptionHandler : Error response sent - Status: 404 - Reason: Request with ID 665c1b2c3d4e5f6a7b8c9d05 not found
2026-03-07 19:41:39.979 INFO  [http-nio-8080-exec-5] e.N.R.m.i.a.i.RequestControllerAdapter : Request received: GET /api/requests/665c1b2c3d4e5f6a7b8c9d01
2026-03-07 19:41:39.981 DEBUG [http-nio-8080-exec-5] e.N.R.m.a.u.RequestApplicationService : Starting getRequestDetails operation - requestId: [665c1b2c3d4e5f6a7b8c9d01]
2026-03-07 19:41:39.981 DEBUG [http-nio-8080-exec-5] e.N.R.m.a.u.RequestApplicationService : Validating requestId: [665c1b2c3d4e5f6a7b8c9d01]
2026-03-07 19:41:39.981 DEBUG [http-nio-8080-exec-5] e.N.R.m.i.a.o.RequestRepositoryAdapter : Executing findById operation - requestId: [665c1b2c3d4e5f6a7b8c9d01]
2026-03-07 19:41:39.984 DEBUG [http-nio-8080-exec-5] e.N.R.m.i.a.o.RequestRepositoryAdapter : Entity found in database - requestId: [665c1b2c3d4e5f6a7b8c9d01]
2026-03-07 19:41:39.984 DEBUG [http-nio-8080-exec-5] e.N.R.m.i.a.o.RequestRepositoryAdapter : Mapping RequestEntity to Request domain - requestId: [665c1b2c3d4e5f6a7b8c9d01]
2026-03-07 19:41:39.984 DEBUG [http-nio-8080-exec-5] e.N.R.m.a.u.RequestApplicationService : Request found - requestId: [665c1b2c3d4e5f6a7b8c9d01]
2026-03-07 19:41:39.985 DEBUG [http-nio-8080-exec-5] e.N.R.m.i.a.o.PartyRepositoryAdapter : Executing findById operation - partyId: [665a1b2c3d4e5f6a7b8c9d01]
2026-03-07 19:41:39.989 DEBUG [http-nio-8080-exec-5] e.N.R.m.i.a.o.PartyRepositoryAdapter : Party found in database - partyId: [665a1b2c3d4e5f6a7b8c9d01]
2026-03-07 19:41:39.989 DEBUG [http-nio-8080-exec-5] e.N.R.m.i.a.o.PartyRepositoryAdapter : Mapping PartyEntity to Party domain - partyId: [665a1b2c3d4e5f6a7b8c9d01]
2026-03-07 19:41:39.990 DEBUG [http-nio-8080-exec-5] e.N.R.m.i.a.o.ContractRepositoryAdapter : Executing findActiveByPartyId operation on contracts - partyId: [665a1b2c3d4e5f6a7b8c9d01]
2026-03-07 19:41:39.996 DEBUG [http-nio-8080-exec-5] e.N.R.m.i.a.o.ContractRepositoryAdapter : findActiveByPartyId operation completed - partyId: [665a1b2c3d4e5f6a7b8c9d01], active contracts found: 2
2026-03-07 19:41:39.996 DEBUG [http-nio-8080-exec-5] e.N.R.m.a.u.RequestApplicationService : Active contracts loaded for Party aggregate - partyId: [665a1b2c3d4e5f6a7b8c9d01], count: 2
2026-03-07 19:41:39.997 DEBUG [http-nio-8080-exec-5] e.N.R.m.domain.entities.Person : Total monthly debt payment calculated - result: 411.5333333333333 EUR
2026-03-07 19:41:39.997 DEBUG [http-nio-8080-exec-5] e.N.R.m.domain.entities.Person : Global DTI calculated - totalMonthlyPayment: 411.5333333333333 EUR, grossMonthlyIncome: 4333.3358333333335, DTI: 0.09496917597932154
2026-03-07 19:41:39.997 DEBUG [http-nio-8080-exec-5] e.N.R.m.domain.entities.Person : Total outstanding debt calculated - result: 10000.05 EUR
2026-03-07 19:41:39.997 DEBUG [http-nio-8080-exec-5] e.N.R.m.a.u.RequestApplicationService : getRequestDetails operation completed successfully - requestId: [665c1b2c3d4e5f6a7b8c9d01]
2026-03-07 19:41:39.997 INFO  [http-nio-8080-exec-5] e.N.R.m.i.a.i.RequestControllerAdapter : Response sent successfully - Status: 200 - RequestId: [665c1b2c3d4e5f6a7b8c9d01]
2026-03-07 19:41:45.748 INFO  [http-nio-8080-exec-7] e.N.R.m.i.a.i.ScoringControllerAdapter : Request received: GET /api/requests/665c1b2c3d4e5f6a7b8c9d05/scoring
2026-03-07 19:41:45.749 DEBUG [http-nio-8080-exec-7] e.N.R.m.a.u.ScoringApplicationService : Starting getScoringByRequestId operation - requestId: [665c1b2c3d4e5f6a7b8c9d05]
2026-03-07 19:41:45.750 DEBUG [http-nio-8080-exec-7] e.N.R.m.a.u.ScoringApplicationService : Validating requestId for scoring: [665c1b2c3d4e5f6a7b8c9d05]
2026-03-07 19:41:45.750 DEBUG [http-nio-8080-exec-7] e.N.R.m.i.a.o.ScoringRepositoryAdapter : Executing findLatestByRequestId operation on scorings - requestId: [665c1b2c3d4e5f6a7b8c9d05]
2026-03-07 19:41:45.754 WARN  [http-nio-8080-exec-7] e.N.R.m.i.a.o.ScoringRepositoryAdapter : Scoring not found for request - requestId: [665c1b2c3d4e5f6a7b8c9d05]
2026-03-07 19:41:45.755 WARN  [http-nio-8080-exec-7] e.N.R.m.i.a.i.GlobalExceptionHandler : Error response sent - Status: 404 - Reason: Scoring not found for request ID 665c1b2c3d4e5f6a7b8c9d05
2026-03-07 19:41:54.932 INFO  [http-nio-8080-exec-6] e.N.R.m.i.a.i.ScoringControllerAdapter : Request received: GET /api/requests/665c1b2c3d4e5f6a7b8c9d01/scoring
2026-03-07 19:41:54.932 DEBUG [http-nio-8080-exec-6] e.N.R.m.a.u.ScoringApplicationService : Starting getScoringByRequestId operation - requestId: [665c1b2c3d4e5f6a7b8c9d01]
2026-03-07 19:41:54.933 DEBUG [http-nio-8080-exec-6] e.N.R.m.a.u.ScoringApplicationService : Validating requestId for scoring: [665c1b2c3d4e5f6a7b8c9d01]
2026-03-07 19:41:54.933 DEBUG [http-nio-8080-exec-6] e.N.R.m.i.a.o.ScoringRepositoryAdapter : Executing findLatestByRequestId operation on scorings - requestId: [665c1b2c3d4e5f6a7b8c9d01]
2026-03-07 19:41:54.970 DEBUG [http-nio-8080-exec-6] e.N.R.m.i.a.o.ScoringRepositoryAdapter : Scoring found for request - requestId: [665c1b2c3d4e5f6a7b8c9d01]
2026-03-07 19:41:54.972 DEBUG [http-nio-8080-exec-6] e.N.R.m.a.u.ScoringApplicationService : Scoring found for request - requestId: [665c1b2c3d4e5f6a7b8c9d01]
2026-03-07 19:41:54.973 DEBUG [http-nio-8080-exec-6] e.N.R.m.a.u.ScoringApplicationService : getScoringByRequestId operation completed successfully - requestId: [665c1b2c3d4e5f6a7b8c9d01]
2026-03-07 19:41:54.974 INFO  [http-nio-8080-exec-6] e.N.R.m.i.a.i.ScoringControllerAdapter : Response sent successfully - Status: 200 - RequestId: [665c1b2c3d4e5f6a7b8c9d01]
2026-03-07 19:41:58.548 INFO  [http-nio-8080-exec-8] e.N.R.m.i.a.i.SimulationControllerAdapter : Request received: GET /api/simulations
2026-03-07 19:41:58.550 DEBUG [http-nio-8080-exec-8] e.N.R.m.a.u.SimulationApplicationService : Starting listSimulations operation with filters - requestId: [null], partyName: [null], partyId: [null]
2026-03-07 19:41:58.550 DEBUG [http-nio-8080-exec-8] e.N.R.m.i.a.o.SimulationRepositoryAdapter : Executing findWithFilters operation on simulations - requestId: [null], partyId: [null]
2026-03-07 19:41:58.574 DEBUG [http-nio-8080-exec-8] e.N.R.m.i.a.o.SimulationRepositoryAdapter : findWithFilters operation on simulations completed - Retrieved 5 entity(ies)
2026-03-07 19:41:58.576 DEBUG [http-nio-8080-exec-8] e.N.R.m.a.u.SimulationApplicationService : listSimulations operation completed - Found 5 simulation(s)
2026-03-07 19:41:58.577 DEBUG [http-nio-8080-exec-8] e.N.R.m.i.a.o.PartyRepositoryAdapter : Executing findPartyWithNameOnly operation - partyId: [665a1b2c3d4e5f6a7b8c9d01]
2026-03-07 19:41:58.582 DEBUG [http-nio-8080-exec-8] e.N.R.m.i.a.o.PartyRepositoryAdapter : Partial Party retrieved - partyId: [665a1b2c3d4e5f6a7b8c9d01], fullName: [Maria Garcia Fernandez]
2026-03-07 19:41:58.583 DEBUG [http-nio-8080-exec-8] e.N.R.m.i.a.o.PartyRepositoryAdapter : Executing findPartyWithNameOnly operation - partyId: [665a1b2c3d4e5f6a7b8c9d02]
2026-03-07 19:41:58.587 DEBUG [http-nio-8080-exec-8] e.N.R.m.i.a.o.PartyRepositoryAdapter : Partial Party retrieved - partyId: [665a1b2c3d4e5f6a7b8c9d02], fullName: [Carlos Rodríguez Martín]
2026-03-07 19:41:58.588 DEBUG [http-nio-8080-exec-8] e.N.R.m.i.a.o.PartyRepositoryAdapter : Executing findPartyWithNameOnly operation - partyId: [665a1b2c3d4e5f6a7b8c9d03]
2026-03-07 19:41:58.596 DEBUG [http-nio-8080-exec-8] e.N.R.m.i.a.o.PartyRepositoryAdapter : Partial Party retrieved - partyId: [665a1b2c3d4e5f6a7b8c9d03], fullName: [Ana López Ruiz]
2026-03-07 19:41:58.597 DEBUG [http-nio-8080-exec-8] e.N.R.m.i.a.o.PartyRepositoryAdapter : Executing findPartyWithNameOnly operation - partyId: [665a1b2c3d4e5f6a7b8c9d01]
2026-03-07 19:41:58.604 DEBUG [http-nio-8080-exec-8] e.N.R.m.i.a.o.PartyRepositoryAdapter : Partial Party retrieved - partyId: [665a1b2c3d4e5f6a7b8c9d01], fullName: [Maria Garcia Fernandez]
2026-03-07 19:41:58.605 DEBUG [http-nio-8080-exec-8] e.N.R.m.i.a.o.PartyRepositoryAdapter : Executing findPartyWithNameOnly operation - partyId: [665a1b2c3d4e5f6a7b8c9d01]
2026-03-07 19:41:58.611 DEBUG [http-nio-8080-exec-8] e.N.R.m.i.a.o.PartyRepositoryAdapter : Partial Party retrieved - partyId: [665a1b2c3d4e5f6a7b8c9d01], fullName: [Maria Garcia Fernandez]
2026-03-07 19:41:58.622 DEBUG [http-nio-8080-exec-8] e.N.R.m.a.u.SimulationApplicationService : Mapping 5 simulation(s) to SimulationSummaryDTO
2026-03-07 19:41:58.625 INFO  [http-nio-8080-exec-8] e.N.R.m.i.a.i.SimulationControllerAdapter : Response sent successfully - Status: 200 - Items count: 5
2026-03-07 19:42:06.497 INFO  [http-nio-8080-exec-9] e.N.R.m.i.a.i.SimulationControllerAdapter : Request received: GET /api/simulations
2026-03-07 19:42:06.498 DEBUG [http-nio-8080-exec-9] e.N.R.m.a.u.SimulationApplicationService : Starting listSimulations operation with filters - requestId: [null], partyName: [Maria], partyId: [null]
2026-03-07 19:42:06.498 DEBUG [http-nio-8080-exec-9] e.N.R.m.i.a.o.SimulationRepositoryAdapter : Executing findWithFilters operation on simulations - requestId: [null], partyId: [null]
2026-03-07 19:42:06.504 DEBUG [http-nio-8080-exec-9] e.N.R.m.i.a.o.SimulationRepositoryAdapter : findWithFilters operation on simulations completed - Retrieved 5 entity(ies)
2026-03-07 19:42:06.504 DEBUG [http-nio-8080-exec-9] e.N.R.m.a.u.SimulationApplicationService : listSimulations operation completed - Found 5 simulation(s)
2026-03-07 19:42:06.504 DEBUG [http-nio-8080-exec-9] e.N.R.m.i.a.o.PartyRepositoryAdapter : Executing findPartyWithNameOnly operation - partyId: [665a1b2c3d4e5f6a7b8c9d01]
2026-03-07 19:42:06.509 DEBUG [http-nio-8080-exec-9] e.N.R.m.i.a.o.PartyRepositoryAdapter : Partial Party retrieved - partyId: [665a1b2c3d4e5f6a7b8c9d01], fullName: [Maria Garcia Fernandez]
2026-03-07 19:42:06.509 DEBUG [http-nio-8080-exec-9] e.N.R.m.i.a.o.PartyRepositoryAdapter : Executing findPartyWithNameOnly operation - partyId: [665a1b2c3d4e5f6a7b8c9d02]
2026-03-07 19:42:06.517 DEBUG [http-nio-8080-exec-9] e.N.R.m.i.a.o.PartyRepositoryAdapter : Partial Party retrieved - partyId: [665a1b2c3d4e5f6a7b8c9d02], fullName: [Carlos Rodríguez Martín]
2026-03-07 19:42:06.518 DEBUG [http-nio-8080-exec-9] e.N.R.m.i.a.o.PartyRepositoryAdapter : Executing findPartyWithNameOnly operation - partyId: [665a1b2c3d4e5f6a7b8c9d03]
2026-03-07 19:42:06.522 DEBUG [http-nio-8080-exec-9] e.N.R.m.i.a.o.PartyRepositoryAdapter : Partial Party retrieved - partyId: [665a1b2c3d4e5f6a7b8c9d03], fullName: [Ana López Ruiz]
2026-03-07 19:42:06.523 DEBUG [http-nio-8080-exec-9] e.N.R.m.i.a.o.PartyRepositoryAdapter : Executing findPartyWithNameOnly operation - partyId: [665a1b2c3d4e5f6a7b8c9d01]
2026-03-07 19:42:06.528 DEBUG [http-nio-8080-exec-9] e.N.R.m.i.a.o.PartyRepositoryAdapter : Partial Party retrieved - partyId: [665a1b2c3d4e5f6a7b8c9d01], fullName: [Maria Garcia Fernandez]
2026-03-07 19:42:06.528 DEBUG [http-nio-8080-exec-9] e.N.R.m.i.a.o.PartyRepositoryAdapter : Executing findPartyWithNameOnly operation - partyId: [665a1b2c3d4e5f6a7b8c9d01]
2026-03-07 19:42:06.533 DEBUG [http-nio-8080-exec-9] e.N.R.m.i.a.o.PartyRepositoryAdapter : Partial Party retrieved - partyId: [665a1b2c3d4e5f6a7b8c9d01], fullName: [Maria Garcia Fernandez]
2026-03-07 19:42:06.533 DEBUG [http-nio-8080-exec-9] e.N.R.m.a.u.SimulationApplicationService : Applying post-fetch partyName filter: [Maria]
2026-03-07 19:42:06.534 DEBUG [http-nio-8080-exec-9] e.N.R.m.a.u.SimulationApplicationService : After partyName filter - 5 simulation(s) remaining
2026-03-07 19:42:06.535 DEBUG [http-nio-8080-exec-9] e.N.R.m.a.u.SimulationApplicationService : Mapping 3 simulation(s) to SimulationSummaryDTO
2026-03-07 19:42:06.535 INFO  [http-nio-8080-exec-9] e.N.R.m.i.a.i.SimulationControllerAdapter : Response sent successfully - Status: 200 - Items count: 3
2026-03-07 19:42:10.865 INFO  [http-nio-8080-exec-10] e.N.R.m.i.a.i.SimulationControllerAdapter : Request received: GET /api/simulations/665f1b2c3d4e5f6a7b8c9d06
2026-03-07 19:42:10.866 DEBUG [http-nio-8080-exec-10] e.N.R.m.a.u.SimulationApplicationService : Starting getSimulationDetails operation - simulationId: [665f1b2c3d4e5f6a7b8c9d06]
2026-03-07 19:42:10.866 DEBUG [http-nio-8080-exec-10] e.N.R.m.a.u.SimulationApplicationService : Validating simulationId: [665f1b2c3d4e5f6a7b8c9d06]
2026-03-07 19:42:10.866 DEBUG [http-nio-8080-exec-10] e.N.R.m.i.a.o.SimulationRepositoryAdapter : Executing findById operation on simulations - simulationId: [665f1b2c3d4e5f6a7b8c9d06]
2026-03-07 19:42:10.870 WARN  [http-nio-8080-exec-10] e.N.R.m.i.a.o.SimulationRepositoryAdapter : Simulation not found in database - simulationId: [665f1b2c3d4e5f6a7b8c9d06]
2026-03-07 19:42:10.871 WARN  [http-nio-8080-exec-10] e.N.R.m.i.a.i.GlobalExceptionHandler : Error response sent - Status: 404 - Reason: Simulation with ID 665f1b2c3d4e5f6a7b8c9d06 not found
2026-03-07 19:42:29.521 INFO  [http-nio-8080-exec-1] e.N.R.m.i.a.i.RequestControllerAdapter : Request received: GET /api/requests
2026-03-07 19:42:29.521 DEBUG [http-nio-8080-exec-1] e.N.R.m.a.u.RequestApplicationService : Starting listRequests operation with filters - partyName: [111], requestStatus: [null]
2026-03-07 19:42:29.521 DEBUG [http-nio-8080-exec-1] e.N.R.m.i.a.o.RequestRepositoryAdapter : Executing findWithFilters operation - partyName: [null], requestStatus: [null]
2026-03-07 19:42:29.525 DEBUG [http-nio-8080-exec-1] e.N.R.m.i.a.o.RequestRepositoryAdapter : findWithFilters operation completed - Retrieved 3 entity(ies)
2026-03-07 19:42:29.526 DEBUG [http-nio-8080-exec-1] e.N.R.m.i.a.o.RequestRepositoryAdapter : Mapping 3 RequestEntity(ies) to Request domain objects
2026-03-07 19:42:29.526 DEBUG [http-nio-8080-exec-1] e.N.R.m.a.u.RequestApplicationService : listRequests operation completed - Found 3 request(s)
2026-03-07 19:42:29.526 DEBUG [http-nio-8080-exec-1] e.N.R.m.i.a.o.PartyRepositoryAdapter : Executing findPartyWithNameOnly operation - partyId: [665a1b2c3d4e5f6a7b8c9d01]
2026-03-07 19:42:29.530 DEBUG [http-nio-8080-exec-1] e.N.R.m.i.a.o.PartyRepositoryAdapter : Partial Party retrieved - partyId: [665a1b2c3d4e5f6a7b8c9d01], fullName: [Maria Garcia Fernandez]
2026-03-07 19:42:29.530 DEBUG [http-nio-8080-exec-1] e.N.R.m.i.a.o.PartyRepositoryAdapter : Executing findPartyWithNameOnly operation - partyId: [665a1b2c3d4e5f6a7b8c9d02]
2026-03-07 19:42:29.536 DEBUG [http-nio-8080-exec-1] e.N.R.m.i.a.o.PartyRepositoryAdapter : Partial Party retrieved - partyId: [665a1b2c3d4e5f6a7b8c9d02], fullName: [Carlos Rodríguez Martín]
2026-03-07 19:42:29.538 DEBUG [http-nio-8080-exec-1] e.N.R.m.i.a.o.PartyRepositoryAdapter : Executing findPartyWithNameOnly operation - partyId: [665a1b2c3d4e5f6a7b8c9d03]
2026-03-07 19:42:29.550 DEBUG [http-nio-8080-exec-1] e.N.R.m.i.a.o.PartyRepositoryAdapter : Partial Party retrieved - partyId: [665a1b2c3d4e5f6a7b8c9d03], fullName: [Ana López Ruiz]
2026-03-07 19:42:29.551 DEBUG [http-nio-8080-exec-1] e.N.R.m.a.u.RequestApplicationService : Mapping 0 request(s) to RequestSummaryDTO
2026-03-07 19:42:29.551 INFO  [http-nio-8080-exec-1] e.N.R.m.i.a.i.RequestControllerAdapter : Response sent successfully - Status: 200 - Items count: 0
2026-03-07 19:42:36.586 INFO  [http-nio-8080-exec-2] e.N.R.m.i.a.i.RequestControllerAdapter : Request received: GET /api/requests
2026-03-07 19:42:36.586 DEBUG [http-nio-8080-exec-2] e.N.R.m.a.u.RequestApplicationService : Starting listRequests operation with filters - partyName: [111.0], requestStatus: [null]
2026-03-07 19:42:36.586 DEBUG [http-nio-8080-exec-2] e.N.R.m.i.a.o.RequestRepositoryAdapter : Executing findWithFilters operation - partyName: [null], requestStatus: [null]
2026-03-07 19:42:36.591 DEBUG [http-nio-8080-exec-2] e.N.R.m.i.a.o.RequestRepositoryAdapter : findWithFilters operation completed - Retrieved 3 entity(ies)
2026-03-07 19:42:36.592 DEBUG [http-nio-8080-exec-2] e.N.R.m.i.a.o.RequestRepositoryAdapter : Mapping 3 RequestEntity(ies) to Request domain objects
2026-03-07 19:42:36.593 DEBUG [http-nio-8080-exec-2] e.N.R.m.a.u.RequestApplicationService : listRequests operation completed - Found 3 request(s)
2026-03-07 19:42:36.593 DEBUG [http-nio-8080-exec-2] e.N.R.m.i.a.o.PartyRepositoryAdapter : Executing findPartyWithNameOnly operation - partyId: [665a1b2c3d4e5f6a7b8c9d01]
2026-03-07 19:42:36.599 DEBUG [http-nio-8080-exec-2] e.N.R.m.i.a.o.PartyRepositoryAdapter : Partial Party retrieved - partyId: [665a1b2c3d4e5f6a7b8c9d01], fullName: [Maria Garcia Fernandez]
2026-03-07 19:42:36.600 DEBUG [http-nio-8080-exec-2] e.N.R.m.i.a.o.PartyRepositoryAdapter : Executing findPartyWithNameOnly operation - partyId: [665a1b2c3d4e5f6a7b8c9d02]
2026-03-07 19:42:36.608 DEBUG [http-nio-8080-exec-2] e.N.R.m.i.a.o.PartyRepositoryAdapter : Partial Party retrieved - partyId: [665a1b2c3d4e5f6a7b8c9d02], fullName: [Carlos Rodríguez Martín]
2026-03-07 19:42:36.609 DEBUG [http-nio-8080-exec-2] e.N.R.m.i.a.o.PartyRepositoryAdapter : Executing findPartyWithNameOnly operation - partyId: [665a1b2c3d4e5f6a7b8c9d03]
2026-03-07 19:42:36.613 DEBUG [http-nio-8080-exec-2] e.N.R.m.i.a.o.PartyRepositoryAdapter : Partial Party retrieved - partyId: [665a1b2c3d4e5f6a7b8c9d03], fullName: [Ana López Ruiz]
2026-03-07 19:42:36.613 DEBUG [http-nio-8080-exec-2] e.N.R.m.a.u.RequestApplicationService : Mapping 0 request(s) to RequestSummaryDTO
2026-03-07 19:42:36.613 INFO  [http-nio-8080-exec-2] e.N.R.m.i.a.i.RequestControllerAdapter : Response sent successfully - Status: 200 - Items count: 0
2026-03-07 19:43:08.044 INFO  [http-nio-8080-exec-3] e.N.R.m.i.a.i.RequestControllerAdapter : Request received: GET /api/requests
2026-03-07 19:43:08.045 DEBUG [http-nio-8080-exec-3] e.N.R.m.a.u.RequestApplicationService : Starting listRequests operation with filters - partyName: [123.todouble], requestStatus: [null]
2026-03-07 19:43:08.046 DEBUG [http-nio-8080-exec-3] e.N.R.m.i.a.o.RequestRepositoryAdapter : Executing findWithFilters operation - partyName: [null], requestStatus: [null]
2026-03-07 19:43:08.050 DEBUG [http-nio-8080-exec-3] e.N.R.m.i.a.o.RequestRepositoryAdapter : findWithFilters operation completed - Retrieved 3 entity(ies)
2026-03-07 19:43:08.051 DEBUG [http-nio-8080-exec-3] e.N.R.m.i.a.o.RequestRepositoryAdapter : Mapping 3 RequestEntity(ies) to Request domain objects
2026-03-07 19:43:08.052 DEBUG [http-nio-8080-exec-3] e.N.R.m.a.u.RequestApplicationService : listRequests operation completed - Found 3 request(s)
2026-03-07 19:43:08.052 DEBUG [http-nio-8080-exec-3] e.N.R.m.i.a.o.PartyRepositoryAdapter : Executing findPartyWithNameOnly operation - partyId: [665a1b2c3d4e5f6a7b8c9d01]
2026-03-07 19:43:08.060 DEBUG [http-nio-8080-exec-3] e.N.R.m.i.a.o.PartyRepositoryAdapter : Partial Party retrieved - partyId: [665a1b2c3d4e5f6a7b8c9d01], fullName: [Maria Garcia Fernandez]
2026-03-07 19:43:08.061 DEBUG [http-nio-8080-exec-3] e.N.R.m.i.a.o.PartyRepositoryAdapter : Executing findPartyWithNameOnly operation - partyId: [665a1b2c3d4e5f6a7b8c9d02]
2026-03-07 19:43:08.072 DEBUG [http-nio-8080-exec-3] e.N.R.m.i.a.o.PartyRepositoryAdapter : Partial Party retrieved - partyId: [665a1b2c3d4e5f6a7b8c9d02], fullName: [Carlos Rodríguez Martín]
2026-03-07 19:43:08.073 DEBUG [http-nio-8080-exec-3] e.N.R.m.i.a.o.PartyRepositoryAdapter : Executing findPartyWithNameOnly operation - partyId: [665a1b2c3d4e5f6a7b8c9d03]
2026-03-07 19:43:08.080 DEBUG [http-nio-8080-exec-3] e.N.R.m.i.a.o.PartyRepositoryAdapter : Partial Party retrieved - partyId: [665a1b2c3d4e5f6a7b8c9d03], fullName: [Ana López Ruiz]
2026-03-07 19:43:08.080 DEBUG [http-nio-8080-exec-3] e.N.R.m.a.u.RequestApplicationService : Mapping 0 request(s) to RequestSummaryDTO
2026-03-07 19:43:08.081 INFO  [http-nio-8080-exec-3] e.N.R.m.i.a.i.RequestControllerAdapter : Response sent successfully - Status: 200 - Items count: 0
2026-03-07 19:43:57.791 INFO  [http-nio-8080-exec-4] e.N.R.m.i.a.i.RequestControllerAdapter : Request received: GET /api/requests
2026-03-07 19:43:57.792 DEBUG [http-nio-8080-exec-4] e.N.R.m.a.u.RequestApplicationService : Starting listRequests operation with filters - partyName: [], requestStatus: [null]
2026-03-07 19:43:57.792 DEBUG [http-nio-8080-exec-4] e.N.R.m.i.a.o.RequestRepositoryAdapter : Executing findWithFilters operation - partyName: [null], requestStatus: [null]
2026-03-07 19:43:57.798 DEBUG [http-nio-8080-exec-4] e.N.R.m.i.a.o.RequestRepositoryAdapter : findWithFilters operation completed - Retrieved 3 entity(ies)
2026-03-07 19:43:57.798 DEBUG [http-nio-8080-exec-4] e.N.R.m.i.a.o.RequestRepositoryAdapter : Mapping 3 RequestEntity(ies) to Request domain objects
2026-03-07 19:43:57.798 DEBUG [http-nio-8080-exec-4] e.N.R.m.a.u.RequestApplicationService : listRequests operation completed - Found 3 request(s)
2026-03-07 19:43:57.798 DEBUG [http-nio-8080-exec-4] e.N.R.m.i.a.o.PartyRepositoryAdapter : Executing findPartyWithNameOnly operation - partyId: [665a1b2c3d4e5f6a7b8c9d01]
2026-03-07 19:43:57.803 DEBUG [http-nio-8080-exec-4] e.N.R.m.i.a.o.PartyRepositoryAdapter : Partial Party retrieved - partyId: [665a1b2c3d4e5f6a7b8c9d01], fullName: [Maria Garcia Fernandez]
2026-03-07 19:43:57.804 DEBUG [http-nio-8080-exec-4] e.N.R.m.i.a.o.PartyRepositoryAdapter : Executing findPartyWithNameOnly operation - partyId: [665a1b2c3d4e5f6a7b8c9d02]
2026-03-07 19:43:57.808 DEBUG [http-nio-8080-exec-4] e.N.R.m.i.a.o.PartyRepositoryAdapter : Partial Party retrieved - partyId: [665a1b2c3d4e5f6a7b8c9d02], fullName: [Carlos Rodríguez Martín]
2026-03-07 19:43:57.809 DEBUG [http-nio-8080-exec-4] e.N.R.m.i.a.o.PartyRepositoryAdapter : Executing findPartyWithNameOnly operation - partyId: [665a1b2c3d4e5f6a7b8c9d03]
2026-03-07 19:43:57.813 DEBUG [http-nio-8080-exec-4] e.N.R.m.i.a.o.PartyRepositoryAdapter : Partial Party retrieved - partyId: [665a1b2c3d4e5f6a7b8c9d03], fullName: [Ana López Ruiz]
2026-03-07 19:43:57.813 DEBUG [http-nio-8080-exec-4] e.N.R.m.a.u.RequestApplicationService : Mapping 3 request(s) to RequestSummaryDTO
2026-03-07 19:43:57.814 INFO  [http-nio-8080-exec-4] e.N.R.m.i.a.i.RequestControllerAdapter : Response sent successfully - Status: 200 - Items count: 3
2026-03-07 21:30:37.541 INFO  [main] e.N.R.m.MsCoreDataApplication : Starting MsCoreDataApplication using Java 17.0.12 with PID 4692 (C:\Users\ferna\Escritorio\Escritorio\TFG\Implementacion\ms-core-data\target\classes started by ferna in C:\Users\ferna\Escritorio\Escritorio\TFG\Implementacion\ms-core-data)
2026-03-07 21:30:37.546 DEBUG [main] e.N.R.m.MsCoreDataApplication : Running with Spring Boot v4.0.3, Spring v7.0.5
2026-03-07 21:30:37.546 INFO  [main] e.N.R.m.MsCoreDataApplication : No active profile set, falling back to 1 default profile: "default"
2026-03-07 21:30:38.718 INFO  [main] o.s.d.r.c.RepositoryConfigurationDelegate : Bootstrapping Spring Data MongoDB repositories in DEFAULT mode.
2026-03-07 21:30:38.955 INFO  [main] o.s.d.r.c.RepositoryConfigurationDelegate : Finished Spring Data repository scanning in 226 ms. Found 5 MongoDB repository interfaces.
2026-03-07 21:30:39.720 INFO  [main] o.s.boot.tomcat.TomcatWebServer : Tomcat initialized with port 8080 (http)
2026-03-07 21:30:39.739 INFO  [main] o.a.coyote.http11.Http11NioProtocol : Initializing ProtocolHandler ["http-nio-8080"]
2026-03-07 21:30:39.743 INFO  [main] o.a.catalina.core.StandardService : Starting service [Tomcat]
2026-03-07 21:30:39.744 INFO  [main] o.a.catalina.core.StandardEngine : Starting Servlet engine: [Apache Tomcat/11.0.18]
2026-03-07 21:30:39.885 INFO  [main] o.s.b.w.c.s.WebApplicationContextInitializer : Root WebApplicationContext: initialization completed in 2212 ms
2026-03-07 21:30:41.851 INFO  [main] o.a.coyote.http11.Http11NioProtocol : Starting ProtocolHandler ["http-nio-8080"]
2026-03-07 21:30:41.894 INFO  [main] o.s.boot.tomcat.TomcatWebServer : Tomcat started on port 8080 (http) with context path '/'
2026-03-07 21:30:41.908 INFO  [main] e.N.R.m.MsCoreDataApplication : Started MsCoreDataApplication in 5.326 seconds (process running for 5.988)
2026-03-07 21:30:46.157 INFO  [http-nio-8080-exec-2] o.a.c.c.C.[Tomcat].[localhost].[/] : Initializing Spring DispatcherServlet 'dispatcherServlet'
2026-03-07 21:30:46.159 INFO  [http-nio-8080-exec-2] o.s.web.servlet.DispatcherServlet : Initializing Servlet 'dispatcherServlet'
2026-03-07 21:30:46.162 INFO  [http-nio-8080-exec-2] o.s.web.servlet.DispatcherServlet : Completed initialization in 3 ms
2026-03-07 21:30:46.232 ERROR [http-nio-8080-exec-2] e.N.R.m.i.a.i.GlobalExceptionHandler : Unexpected error processing request: No static resource api/simulations for request '/api/simulations/'.
org.springframework.web.servlet.resource.NoResourceFoundException: No static resource api/simulations for request '/api/simulations/'.
	at org.springframework.web.servlet.resource.ResourceHttpRequestHandler.handleRequest(ResourceHttpRequestHandler.java:527)
	at org.springframework.web.servlet.mvc.HttpRequestHandlerAdapter.handle(HttpRequestHandlerAdapter.java:50)
	at org.springframework.web.servlet.DispatcherServlet.doDispatch(DispatcherServlet.java:963)
	at org.springframework.web.servlet.DispatcherServlet.doService(DispatcherServlet.java:866)
	at org.springframework.web.servlet.FrameworkServlet.processRequest(FrameworkServlet.java:1000)
	at org.springframework.web.servlet.FrameworkServlet.doGet(FrameworkServlet.java:892)
	at jakarta.servlet.http.HttpServlet.service(HttpServlet.java:622)
	at org.springframework.web.servlet.FrameworkServlet.service(FrameworkServlet.java:874)
	at jakarta.servlet.http.HttpServlet.service(HttpServlet.java:710)
	at org.apache.catalina.core.ApplicationFilterChain.doFilter(ApplicationFilterChain.java:128)
	at org.apache.tomcat.websocket.server.WsFilter.doFilter(WsFilter.java:53)
	at org.apache.catalina.core.ApplicationFilterChain.doFilter(ApplicationFilterChain.java:107)
	at org.springframework.web.filter.RequestContextFilter.doFilterInternal(RequestContextFilter.java:100)
	at org.springframework.web.filter.OncePerRequestFilter.doFilter(OncePerRequestFilter.java:116)
	at org.apache.catalina.core.ApplicationFilterChain.doFilter(ApplicationFilterChain.java:107)
	at org.springframework.web.filter.FormContentFilter.doFilterInternal(FormContentFilter.java:93)
	at org.springframework.web.filter.OncePerRequestFilter.doFilter(OncePerRequestFilter.java:116)
	at org.apache.catalina.core.ApplicationFilterChain.doFilter(ApplicationFilterChain.java:107)
	at org.springframework.web.filter.CharacterEncodingFilter.doFilterInternal(CharacterEncodingFilter.java:199)
	at org.springframework.web.filter.OncePerRequestFilter.doFilter(OncePerRequestFilter.java:116)
	at org.apache.catalina.core.ApplicationFilterChain.doFilter(ApplicationFilterChain.java:107)
	at org.apache.catalina.core.StandardWrapperValve.invoke(StandardWrapperValve.java:165)
	at org.apache.catalina.core.StandardContextValve.invoke(StandardContextValve.java:77)
	at org.apache.catalina.authenticator.AuthenticatorBase.invoke(AuthenticatorBase.java:492)
	at org.apache.catalina.core.StandardHostValve.invoke(StandardHostValve.java:113)
	at org.apache.catalina.valves.ErrorReportValve.invoke(ErrorReportValve.java:83)
	at org.apache.catalina.core.StandardEngineValve.invoke(StandardEngineValve.java:72)
	at org.apache.catalina.connector.CoyoteAdapter.service(CoyoteAdapter.java:341)
	at org.apache.coyote.http11.Http11Processor.service(Http11Processor.java:397)
	at org.apache.coyote.AbstractProcessorLight.process(AbstractProcessorLight.java:63)
	at org.apache.coyote.AbstractProtocol$ConnectionHandler.process(AbstractProtocol.java:903)
	at org.apache.tomcat.util.net.NioEndpoint$SocketProcessor.doRun(NioEndpoint.java:1779)
	at org.apache.tomcat.util.net.SocketProcessorBase.run(SocketProcessorBase.java:52)
	at org.apache.tomcat.util.threads.ThreadPoolExecutor.runWorker(ThreadPoolExecutor.java:946)
	at org.apache.tomcat.util.threads.ThreadPoolExecutor$Worker.run(ThreadPoolExecutor.java:480)
	at org.apache.tomcat.util.threads.TaskThread$WrappingRunnable.run(TaskThread.java:57)
	at java.base/java.lang.Thread.run(Thread.java:842)
2026-03-07 21:30:46.237 ERROR [http-nio-8080-exec-2] e.N.R.m.i.a.i.GlobalExceptionHandler : Error response sent - Status: 500 - Reason: Internal server error
2026-03-07 21:31:31.250 INFO  [http-nio-8080-exec-4] e.N.R.m.i.a.i.SimulationControllerAdapter : Request received: GET /api/simulations/ 
2026-03-07 21:31:31.250 DEBUG [http-nio-8080-exec-4] e.N.R.m.a.u.SimulationApplicationService : Starting getSimulationDetails operation - simulationId: [ ]
2026-03-07 21:31:31.250 DEBUG [http-nio-8080-exec-4] e.N.R.m.a.u.SimulationApplicationService : Validating simulationId: [ ]
2026-03-07 21:31:31.251 WARN  [http-nio-8080-exec-4] e.N.R.m.a.u.SimulationApplicationService : Validation failed for simulationId - Value is null or blank
2026-03-07 21:31:31.253 WARN  [http-nio-8080-exec-4] e.N.R.m.i.a.i.GlobalExceptionHandler : Validation error: Simulation ID cannot be null or empty
2026-03-07 21:31:31.253 WARN  [http-nio-8080-exec-4] e.N.R.m.i.a.i.GlobalExceptionHandler : Error response sent - Status: 400 - Reason: Simulation ID cannot be null or empty
2026-03-07 21:44:35.565 INFO  [main] e.N.R.m.MsCoreDataApplication : Starting MsCoreDataApplication using Java 17.0.12 with PID 33976 (C:\Users\ferna\Escritorio\Escritorio\TFG\Implementacion\ms-core-data\target\classes started by ferna in C:\Users\ferna\Escritorio\Escritorio\TFG\Implementacion\ms-core-data)
2026-03-07 21:44:35.571 DEBUG [main] e.N.R.m.MsCoreDataApplication : Running with Spring Boot v4.0.3, Spring v7.0.5
2026-03-07 21:44:35.572 INFO  [main] e.N.R.m.MsCoreDataApplication : No active profile set, falling back to 1 default profile: "default"
2026-03-07 21:44:36.663 INFO  [main] o.s.d.r.c.RepositoryConfigurationDelegate : Bootstrapping Spring Data MongoDB repositories in DEFAULT mode.
2026-03-07 21:44:36.904 INFO  [main] o.s.d.r.c.RepositoryConfigurationDelegate : Finished Spring Data repository scanning in 224 ms. Found 5 MongoDB repository interfaces.
2026-03-07 21:44:37.635 INFO  [main] o.s.boot.tomcat.TomcatWebServer : Tomcat initialized with port 8080 (http)
2026-03-07 21:44:37.649 INFO  [main] o.a.coyote.http11.Http11NioProtocol : Initializing ProtocolHandler ["http-nio-8080"]
2026-03-07 21:44:37.653 INFO  [main] o.a.catalina.core.StandardService : Starting service [Tomcat]
2026-03-07 21:44:37.653 INFO  [main] o.a.catalina.core.StandardEngine : Starting Servlet engine: [Apache Tomcat/11.0.18]
2026-03-07 21:44:37.748 INFO  [main] o.s.b.w.c.s.WebApplicationContextInitializer : Root WebApplicationContext: initialization completed in 2029 ms
2026-03-07 21:44:39.712 INFO  [main] o.a.coyote.http11.Http11NioProtocol : Starting ProtocolHandler ["http-nio-8080"]
2026-03-07 21:44:39.764 INFO  [main] o.s.boot.tomcat.TomcatWebServer : Tomcat started on port 8080 (http) with context path '/'
2026-03-07 21:44:39.775 INFO  [main] e.N.R.m.MsCoreDataApplication : Started MsCoreDataApplication in 5.163 seconds (process running for 5.766)
2026-03-07 21:46:25.749 INFO  [http-nio-8080-exec-1] o.a.c.c.C.[Tomcat].[localhost].[/] : Initializing Spring DispatcherServlet 'dispatcherServlet'
2026-03-07 21:46:25.750 INFO  [http-nio-8080-exec-1] o.s.web.servlet.DispatcherServlet : Initializing Servlet 'dispatcherServlet'
2026-03-07 21:46:25.753 INFO  [http-nio-8080-exec-1] o.s.web.servlet.DispatcherServlet : Completed initialization in 2 ms
2026-03-07 21:46:25.943 INFO  [http-nio-8080-exec-1] e.N.R.m.i.a.i.SimulationControllerAdapter : Request received: PATCH /api/simulations/665f1b2c3d4e5f6a7b8c9d01
2026-03-07 21:46:25.944 DEBUG [http-nio-8080-exec-1] e.N.R.m.a.u.SimulationApplicationService : Starting archiveSimulation operation - simulationId: [665f1b2c3d4e5f6a7b8c9d01]
2026-03-07 21:46:25.946 DEBUG [http-nio-8080-exec-1] e.N.R.m.i.a.o.SimulationRepositoryAdapter : Executing findById operation on simulations - simulationId: [665f1b2c3d4e5f6a7b8c9d01]
2026-03-07 21:46:26.103 DEBUG [http-nio-8080-exec-1] e.N.R.m.i.a.o.SimulationRepositoryAdapter : Simulation found in database - simulationId: [665f1b2c3d4e5f6a7b8c9d01]
2026-03-07 21:46:26.104 DEBUG [http-nio-8080-exec-1] e.N.R.m.a.u.SimulationApplicationService : Simulation found for archiving - simulationId: [665f1b2c3d4e5f6a7b8c9d01]
2026-03-07 21:46:26.105 DEBUG [http-nio-8080-exec-1] e.N.R.m.i.a.o.SimulationRepositoryAdapter : Executing save operation on simulations - simulationId: [665f1b2c3d4e5f6a7b8c9d01]
2026-03-07 21:46:26.154 ERROR [http-nio-8080-exec-1] e.N.R.m.i.a.i.GlobalExceptionHandler : Unexpected error processing request: Write operation error on MongoDB server localhost:27017. Write error: WriteError{code=121, message='Plan executor error during update :: caused by :: Document failed validation', details={"failingDocumentId": {"$oid": "665f1b2c3d4e5f6a7b8c9d01"}, "details": {"operatorName": "$jsonSchema", "title": "simulations", "schemaRulesNotSatisfied": [{"operatorName": "properties", "propertiesNotSatisfied": [{"propertyName": "request_id", "description": "Solicitud base para la simulación", "details": [{"operatorName": "bsonType", "specifiedAs": {"bsonType": "objectId"}, "reason": "type did not match", "consideredValue": "665c1b2c3d4e5f6a7b8c9d01", "consideredType": "string"}]}, {"propertyName": "party_id", "description": "Cliente (para queries)", "details": [{"operatorName": "bsonType", "specifiedAs": {"bsonType": "objectId"}, "reason": "type did not match", "consideredValue": "665a1b2c3d4e5f6a7b8c9d01", "consideredType": "string"}]}, {"propertyName": "base_scoring_id", "description": "Scoring base del que se parte", "details": [{"operatorName": "bsonType", "specifiedAs": {"bsonType": "objectId"}, "reason": "type did not match", "consideredValue": "665d1b2c3d4e5f6a7b8c9d01", "consideredType": "string"}]}]}]}}}.
org.springframework.dao.DataIntegrityViolationException: Write operation error on MongoDB server localhost:27017. Write error: WriteError{code=121, message='Plan executor error during update :: caused by :: Document failed validation', details={"failingDocumentId": {"$oid": "665f1b2c3d4e5f6a7b8c9d01"}, "details": {"operatorName": "$jsonSchema", "title": "simulations", "schemaRulesNotSatisfied": [{"operatorName": "properties", "propertiesNotSatisfied": [{"propertyName": "request_id", "description": "Solicitud base para la simulación", "details": [{"operatorName": "bsonType", "specifiedAs": {"bsonType": "objectId"}, "reason": "type did not match", "consideredValue": "665c1b2c3d4e5f6a7b8c9d01", "consideredType": "string"}]}, {"propertyName": "party_id", "description": "Cliente (para queries)", "details": [{"operatorName": "bsonType", "specifiedAs": {"bsonType": "objectId"}, "reason": "type did not match", "consideredValue": "665a1b2c3d4e5f6a7b8c9d01", "consideredType": "string"}]}, {"propertyName": "base_scoring_id", "description": "Scoring base del que se parte", "details": [{"operatorName": "bsonType", "specifiedAs": {"bsonType": "objectId"}, "reason": "type did not match", "consideredValue": "665d1b2c3d4e5f6a7b8c9d01", "consideredType": "string"}]}]}]}}}.
	at org.springframework.data.mongodb.core.MongoExceptionTranslator.doTranslateException(MongoExceptionTranslator.java:118)
	at org.springframework.data.mongodb.core.MongoExceptionTranslator.translateExceptionIfPossible(MongoExceptionTranslator.java:72)
	at org.springframework.data.mongodb.core.MongoTemplate.potentiallyConvertRuntimeException(MongoTemplate.java:3169)
	at org.springframework.data.mongodb.core.MongoTemplate.execute(MongoTemplate.java:628)
	at org.springframework.data.mongodb.core.MongoTemplate.saveDocument(MongoTemplate.java:1675)
	at org.springframework.data.mongodb.core.MongoTemplate.doSave(MongoTemplate.java:1606)
	at org.springframework.data.mongodb.core.MongoTemplate.save(MongoTemplate.java:1551)
	at org.springframework.data.mongodb.repository.support.SimpleMongoRepository.save(SimpleMongoRepository.java:101)
	at java.base/jdk.internal.reflect.NativeMethodAccessorImpl.invoke0(Native Method)
	at java.base/jdk.internal.reflect.NativeMethodAccessorImpl.invoke(NativeMethodAccessorImpl.java:77)
	at java.base/jdk.internal.reflect.DelegatingMethodAccessorImpl.invoke(DelegatingMethodAccessorImpl.java:43)
	at java.base/java.lang.reflect.Method.invoke(Method.java:568)
	at org.springframework.aop.support.AopUtils.invokeJoinpointUsingReflection(AopUtils.java:359)
	at org.springframework.data.repository.core.support.RepositoryMethodInvoker$RepositoryFragmentMethodInvoker.lambda$new$0(RepositoryMethodInvoker.java:278)
	at org.springframework.data.repository.core.support.RepositoryMethodInvoker.doInvoke(RepositoryMethodInvoker.java:169)
	at org.springframework.data.repository.core.support.RepositoryMethodInvoker.invoke(RepositoryMethodInvoker.java:158)
	at org.springframework.data.repository.core.support.RepositoryComposition$RepositoryFragments.invoke(RepositoryComposition.java:545)
	at org.springframework.data.repository.core.support.RepositoryComposition.invoke(RepositoryComposition.java:290)
	at org.springframework.data.repository.core.support.RepositoryFactorySupport$ImplementationMethodExecutionInterceptor.invoke(RepositoryFactorySupport.java:690)
	at org.springframework.aop.framework.ReflectiveMethodInvocation.proceed(ReflectiveMethodInvocation.java:179)
	at org.springframework.data.repository.core.support.QueryExecutorMethodInterceptor.doInvoke(QueryExecutorMethodInterceptor.java:171)
	at org.springframework.data.repository.core.support.QueryExecutorMethodInterceptor.invoke(QueryExecutorMethodInterceptor.java:146)
	at org.springframework.aop.framework.ReflectiveMethodInvocation.proceed(ReflectiveMethodInvocation.java:179)
	at org.springframework.data.projection.DefaultMethodInvokingMethodInterceptor.invoke(DefaultMethodInvokingMethodInterceptor.java:69)
	at org.springframework.aop.framework.ReflectiveMethodInvocation.proceed(ReflectiveMethodInvocation.java:179)
	at org.springframework.data.mongodb.repository.support.CrudMethodMetadataPostProcessor$CrudMethodMetadataPopulatingMethodInterceptor.invoke(CrudMethodMetadataPostProcessor.java:159)
	at org.springframework.aop.framework.ReflectiveMethodInvocation.proceed(ReflectiveMethodInvocation.java:179)
	at org.springframework.aop.framework.JdkDynamicAopProxy.invoke(JdkDynamicAopProxy.java:222)
	at jdk.proxy2/jdk.proxy2.$Proxy82.save(Unknown Source)
	at es.NTTEnterprise.RIntellix.ms_core_data.infraestructure.adapters.output.SimulationRepositoryAdapter.save(SimulationRepositoryAdapter.java:75)
	at java.base/jdk.internal.reflect.NativeMethodAccessorImpl.invoke0(Native Method)
	at java.base/jdk.internal.reflect.NativeMethodAccessorImpl.invoke(NativeMethodAccessorImpl.java:77)
	at java.base/jdk.internal.reflect.DelegatingMethodAccessorImpl.invoke(DelegatingMethodAccessorImpl.java:43)
	at java.base/java.lang.reflect.Method.invoke(Method.java:568)
	at org.springframework.aop.support.AopUtils.invokeJoinpointUsingReflection(AopUtils.java:359)
	at org.springframework.aop.framework.ReflectiveMethodInvocation.invokeJoinpoint(ReflectiveMethodInvocation.java:190)
	at org.springframework.aop.framework.ReflectiveMethodInvocation.proceed(ReflectiveMethodInvocation.java:158)
	at org.springframework.dao.support.PersistenceExceptionTranslationInterceptor.invoke(PersistenceExceptionTranslationInterceptor.java:135)
	at org.springframework.aop.framework.ReflectiveMethodInvocation.proceed(ReflectiveMethodInvocation.java:179)
	at org.springframework.aop.framework.CglibAopProxy$DynamicAdvisedInterceptor.intercept(CglibAopProxy.java:719)
	at es.NTTEnterprise.RIntellix.ms_core_data.infraestructure.adapters.output.SimulationRepositoryAdapter$$SpringCGLIB$$0.save(<generated>)
	at es.NTTEnterprise.RIntellix.ms_core_data.application.usecases.SimulationApplicationService.archiveSimulation(SimulationApplicationService.java:185)
	at es.NTTEnterprise.RIntellix.ms_core_data.infraestructure.adapters.input.SimulationControllerAdapter.archiveSimulation(SimulationControllerAdapter.java:130)
	at java.base/jdk.internal.reflect.NativeMethodAccessorImpl.invoke0(Native Method)
	at java.base/jdk.internal.reflect.NativeMethodAccessorImpl.invoke(NativeMethodAccessorImpl.java:77)
	at java.base/jdk.internal.reflect.DelegatingMethodAccessorImpl.invoke(DelegatingMethodAccessorImpl.java:43)
	at java.base/java.lang.reflect.Method.invoke(Method.java:568)
	at org.springframework.web.method.support.InvocableHandlerMethod.doInvoke(InvocableHandlerMethod.java:252)
	at org.springframework.web.method.support.InvocableHandlerMethod.invokeForRequest(InvocableHandlerMethod.java:184)
	at org.springframework.web.servlet.mvc.method.annotation.ServletInvocableHandlerMethod.invokeAndHandle(ServletInvocableHandlerMethod.java:117)
	at org.springframework.web.servlet.mvc.method.annotation.RequestMappingHandlerAdapter.invokeHandlerMethod(RequestMappingHandlerAdapter.java:934)
	at org.springframework.web.servlet.mvc.method.annotation.RequestMappingHandlerAdapter.handleInternal(RequestMappingHandlerAdapter.java:853)
	at org.springframework.web.servlet.mvc.method.AbstractHandlerMethodAdapter.handle(AbstractHandlerMethodAdapter.java:86)
	at org.springframework.web.servlet.DispatcherServlet.doDispatch(DispatcherServlet.java:963)
	at org.springframework.web.servlet.DispatcherServlet.doService(DispatcherServlet.java:866)
	at org.springframework.web.servlet.FrameworkServlet.processRequest(FrameworkServlet.java:1000)
	at org.springframework.web.servlet.FrameworkServlet.service(FrameworkServlet.java:877)
	at jakarta.servlet.http.HttpServlet.service(HttpServlet.java:710)
	at org.apache.catalina.core.ApplicationFilterChain.doFilter(ApplicationFilterChain.java:128)
	at org.apache.tomcat.websocket.server.WsFilter.doFilter(WsFilter.java:53)
	at org.apache.catalina.core.ApplicationFilterChain.doFilter(ApplicationFilterChain.java:107)
	at org.springframework.web.filter.RequestContextFilter.doFilterInternal(RequestContextFilter.java:100)
	at org.springframework.web.filter.OncePerRequestFilter.doFilter(OncePerRequestFilter.java:116)
	at org.apache.catalina.core.ApplicationFilterChain.doFilter(ApplicationFilterChain.java:107)
	at org.springframework.web.filter.FormContentFilter.doFilterInternal(FormContentFilter.java:93)
	at org.springframework.web.filter.OncePerRequestFilter.doFilter(OncePerRequestFilter.java:116)
	at org.apache.catalina.core.ApplicationFilterChain.doFilter(ApplicationFilterChain.java:107)
	at org.springframework.web.filter.CharacterEncodingFilter.doFilterInternal(CharacterEncodingFilter.java:199)
	at org.springframework.web.filter.OncePerRequestFilter.doFilter(OncePerRequestFilter.java:116)
	at org.apache.catalina.core.ApplicationFilterChain.doFilter(ApplicationFilterChain.java:107)
	at org.apache.catalina.core.StandardWrapperValve.invoke(StandardWrapperValve.java:165)
	at org.apache.catalina.core.StandardContextValve.invoke(StandardContextValve.java:77)
	at org.apache.catalina.authenticator.AuthenticatorBase.invoke(AuthenticatorBase.java:492)
	at org.apache.catalina.core.StandardHostValve.invoke(StandardHostValve.java:113)
	at org.apache.catalina.valves.ErrorReportValve.invoke(ErrorReportValve.java:83)
	at org.apache.catalina.core.StandardEngineValve.invoke(StandardEngineValve.java:72)
	at org.apache.catalina.connector.CoyoteAdapter.service(CoyoteAdapter.java:341)
	at org.apache.coyote.http11.Http11Processor.service(Http11Processor.java:397)
	at org.apache.coyote.AbstractProcessorLight.process(AbstractProcessorLight.java:63)
	at org.apache.coyote.AbstractProtocol$ConnectionHandler.process(AbstractProtocol.java:903)
	at org.apache.tomcat.util.net.NioEndpoint$SocketProcessor.doRun(NioEndpoint.java:1779)
	at org.apache.tomcat.util.net.SocketProcessorBase.run(SocketProcessorBase.java:52)
	at org.apache.tomcat.util.threads.ThreadPoolExecutor.runWorker(ThreadPoolExecutor.java:946)
	at org.apache.tomcat.util.threads.ThreadPoolExecutor$Worker.run(ThreadPoolExecutor.java:480)
	at org.apache.tomcat.util.threads.TaskThread$WrappingRunnable.run(TaskThread.java:57)
	at java.base/java.lang.Thread.run(Thread.java:842)
Caused by: com.mongodb.MongoWriteException: Write operation error on MongoDB server localhost:27017. Write error: WriteError{code=121, message='Plan executor error during update :: caused by :: Document failed validation', details={"failingDocumentId": {"$oid": "665f1b2c3d4e5f6a7b8c9d01"}, "details": {"operatorName": "$jsonSchema", "title": "simulations", "schemaRulesNotSatisfied": [{"operatorName": "properties", "propertiesNotSatisfied": [{"propertyName": "request_id", "description": "Solicitud base para la simulación", "details": [{"operatorName": "bsonType", "specifiedAs": {"bsonType": "objectId"}, "reason": "type did not match", "consideredValue": "665c1b2c3d4e5f6a7b8c9d01", "consideredType": "string"}]}, {"propertyName": "party_id", "description": "Cliente (para queries)", "details": [{"operatorName": "bsonType", "specifiedAs": {"bsonType": "objectId"}, "reason": "type did not match", "consideredValue": "665a1b2c3d4e5f6a7b8c9d01", "consideredType": "string"}]}, {"propertyName": "base_scoring_id", "description": "Scoring base del que se parte", "details": [{"operatorName": "bsonType", "specifiedAs": {"bsonType": "objectId"}, "reason": "type did not match", "consideredValue": "665d1b2c3d4e5f6a7b8c9d01", "consideredType": "string"}]}]}]}}}.
	at com.mongodb.client.internal.MongoCollectionImpl.executeSingleWriteRequest(MongoCollectionImpl.java:1124)
	at com.mongodb.client.internal.MongoCollectionImpl.executeReplaceOne(MongoCollectionImpl.java:598)
	at com.mongodb.client.internal.MongoCollectionImpl.replaceOne(MongoCollectionImpl.java:581)
	at org.springframework.data.mongodb.core.MongoTemplate.lambda$saveDocument$0(MongoTemplate.java:1707)
	at org.springframework.data.mongodb.core.MongoTemplate.execute(MongoTemplate.java:626)
	... 82 common frames omitted
2026-03-07 21:46:26.162 ERROR [http-nio-8080-exec-1] e.N.R.m.i.a.i.GlobalExceptionHandler : Error response sent - Status: 500 - Reason: Internal server error
2026-03-07 21:47:24.129 INFO  [SpringApplicationShutdownHook] o.s.boot.tomcat.GracefulShutdown : Commencing graceful shutdown. Waiting for active requests to complete
2026-03-07 21:47:24.416 INFO  [tomcat-shutdown] o.s.boot.tomcat.GracefulShutdown : Graceful shutdown complete
2026-03-07 21:57:07.988 INFO  [main] e.N.R.m.MsCoreDataApplication : Starting MsCoreDataApplication using Java 17.0.12 with PID 28760 (C:\Users\ferna\Escritorio\Escritorio\TFG\Implementacion\ms-core-data\target\classes started by ferna in C:\Users\ferna\Escritorio\Escritorio\TFG\Implementacion\ms-core-data)
2026-03-07 21:57:07.994 DEBUG [main] e.N.R.m.MsCoreDataApplication : Running with Spring Boot v4.0.3, Spring v7.0.5
2026-03-07 21:57:07.995 INFO  [main] e.N.R.m.MsCoreDataApplication : No active profile set, falling back to 1 default profile: "default"
2026-03-07 21:57:09.071 INFO  [main] o.s.d.r.c.RepositoryConfigurationDelegate : Bootstrapping Spring Data MongoDB repositories in DEFAULT mode.
2026-03-07 21:57:09.317 INFO  [main] o.s.d.r.c.RepositoryConfigurationDelegate : Finished Spring Data repository scanning in 233 ms. Found 5 MongoDB repository interfaces.
2026-03-07 21:57:09.964 INFO  [main] o.s.boot.tomcat.TomcatWebServer : Tomcat initialized with port 8080 (http)
2026-03-07 21:57:09.980 INFO  [main] o.a.coyote.http11.Http11NioProtocol : Initializing ProtocolHandler ["http-nio-8080"]
2026-03-07 21:57:09.984 INFO  [main] o.a.catalina.core.StandardService : Starting service [Tomcat]
2026-03-07 21:57:09.985 INFO  [main] o.a.catalina.core.StandardEngine : Starting Servlet engine: [Apache Tomcat/11.0.18]
2026-03-07 21:57:10.081 INFO  [main] o.s.b.w.c.s.WebApplicationContextInitializer : Root WebApplicationContext: initialization completed in 1962 ms
2026-03-07 21:57:12.351 INFO  [main] o.a.coyote.http11.Http11NioProtocol : Starting ProtocolHandler ["http-nio-8080"]
2026-03-07 21:57:12.395 INFO  [main] o.s.boot.tomcat.TomcatWebServer : Tomcat started on port 8080 (http) with context path '/'
2026-03-07 21:57:12.407 INFO  [main] e.N.R.m.MsCoreDataApplication : Started MsCoreDataApplication in 5.409 seconds (process running for 6.031)
2026-03-07 21:59:31.651 INFO  [http-nio-8080-exec-2] o.a.c.c.C.[Tomcat].[localhost].[/] : Initializing Spring DispatcherServlet 'dispatcherServlet'
2026-03-07 21:59:31.651 INFO  [http-nio-8080-exec-2] o.s.web.servlet.DispatcherServlet : Initializing Servlet 'dispatcherServlet'
2026-03-07 21:59:31.654 INFO  [http-nio-8080-exec-2] o.s.web.servlet.DispatcherServlet : Completed initialization in 1 ms
2026-03-07 21:59:31.849 INFO  [http-nio-8080-exec-2] e.N.R.m.i.a.i.SimulationControllerAdapter : Request received: PATCH /api/simulations/665f1b2c3d4e5f6a7b8c9d01
2026-03-07 21:59:31.849 DEBUG [http-nio-8080-exec-2] e.N.R.m.a.u.SimulationApplicationService : Starting archiveSimulation operation - simulationId: [665f1b2c3d4e5f6a7b8c9d01]
2026-03-07 21:59:31.851 DEBUG [http-nio-8080-exec-2] e.N.R.m.i.a.o.SimulationRepositoryAdapter : Executing findById operation on simulations - simulationId: [665f1b2c3d4e5f6a7b8c9d01]
2026-03-07 21:59:32.017 DEBUG [http-nio-8080-exec-2] e.N.R.m.i.a.o.SimulationRepositoryAdapter : Simulation found in database - simulationId: [665f1b2c3d4e5f6a7b8c9d01]
2026-03-07 21:59:32.018 DEBUG [http-nio-8080-exec-2] e.N.R.m.a.u.SimulationApplicationService : Simulation found for archiving - simulationId: [665f1b2c3d4e5f6a7b8c9d01]
2026-03-07 21:59:32.019 DEBUG [http-nio-8080-exec-2] e.N.R.m.i.a.o.SimulationRepositoryAdapter : Executing save operation on simulations - simulationId: [665f1b2c3d4e5f6a7b8c9d01]
2026-03-07 21:59:32.074 DEBUG [http-nio-8080-exec-2] e.N.R.m.i.a.o.SimulationRepositoryAdapter : Save operation on simulations completed - simulationId: [665f1b2c3d4e5f6a7b8c9d01]
2026-03-07 21:59:32.075 DEBUG [http-nio-8080-exec-2] e.N.R.m.a.u.SimulationApplicationService : archiveSimulation operation completed successfully - simulationId: [665f1b2c3d4e5f6a7b8c9d01], isArchived: [true]
2026-03-07 21:59:32.075 INFO  [http-nio-8080-exec-2] e.N.R.m.i.a.i.SimulationControllerAdapter : Response sent successfully - Status: 200 - RequestId: [665f1b2c3d4e5f6a7b8c9d01]
2026-03-07 21:59:50.384 INFO  [http-nio-8080-exec-3] e.N.R.m.i.a.i.RequestControllerAdapter : Request received: GET /api/requests/665c1b2c3d4e5f6a7b8c9d01
2026-03-07 21:59:50.385 DEBUG [http-nio-8080-exec-3] e.N.R.m.a.u.RequestApplicationService : Starting getRequestDetails operation - requestId: [665c1b2c3d4e5f6a7b8c9d01]
2026-03-07 21:59:50.385 DEBUG [http-nio-8080-exec-3] e.N.R.m.a.u.RequestApplicationService : Validating requestId: [665c1b2c3d4e5f6a7b8c9d01]
2026-03-07 21:59:50.385 DEBUG [http-nio-8080-exec-3] e.N.R.m.i.a.o.RequestRepositoryAdapter : Executing findById operation - requestId: [665c1b2c3d4e5f6a7b8c9d01]
2026-03-07 21:59:50.396 DEBUG [http-nio-8080-exec-3] e.N.R.m.i.a.o.RequestRepositoryAdapter : Entity found in database - requestId: [665c1b2c3d4e5f6a7b8c9d01]
2026-03-07 21:59:50.396 DEBUG [http-nio-8080-exec-3] e.N.R.m.i.a.o.RequestRepositoryAdapter : Mapping RequestEntity to Request domain - requestId: [665c1b2c3d4e5f6a7b8c9d01]
2026-03-07 21:59:50.399 DEBUG [http-nio-8080-exec-3] e.N.R.m.a.u.RequestApplicationService : Request found - requestId: [665c1b2c3d4e5f6a7b8c9d01]
2026-03-07 21:59:50.400 DEBUG [http-nio-8080-exec-3] e.N.R.m.i.a.o.PartyRepositoryAdapter : Executing findById operation - partyId: [665a1b2c3d4e5f6a7b8c9d01]
2026-03-07 21:59:50.450 DEBUG [http-nio-8080-exec-3] e.N.R.m.i.a.o.PartyRepositoryAdapter : Party found in database - partyId: [665a1b2c3d4e5f6a7b8c9d01]
2026-03-07 21:59:50.451 DEBUG [http-nio-8080-exec-3] e.N.R.m.i.a.o.PartyRepositoryAdapter : Mapping PartyEntity to Party domain - partyId: [665a1b2c3d4e5f6a7b8c9d01]
2026-03-07 21:59:50.452 DEBUG [http-nio-8080-exec-3] e.N.R.m.i.a.o.ContractRepositoryAdapter : Executing findActiveByPartyId operation on contracts - partyId: [665a1b2c3d4e5f6a7b8c9d01]
2026-03-07 21:59:50.492 DEBUG [http-nio-8080-exec-3] e.N.R.m.i.a.o.ContractRepositoryAdapter : findActiveByPartyId operation completed - partyId: [665a1b2c3d4e5f6a7b8c9d01], active contracts found: 2
2026-03-07 21:59:50.497 DEBUG [http-nio-8080-exec-3] e.N.R.m.a.u.RequestApplicationService : Active contracts loaded for Party aggregate - partyId: [665a1b2c3d4e5f6a7b8c9d01], count: 2
2026-03-07 21:59:50.498 DEBUG [http-nio-8080-exec-3] e.N.R.m.domain.entities.Person : Total monthly debt payment calculated - result: 411.5333333333333 EUR
2026-03-07 21:59:50.498 DEBUG [http-nio-8080-exec-3] e.N.R.m.domain.entities.Person : Global DTI calculated - totalMonthlyPayment: 411.5333333333333 EUR, grossMonthlyIncome: 4333.3358333333335, DTI: 0.09496917597932154
2026-03-07 21:59:50.498 DEBUG [http-nio-8080-exec-3] e.N.R.m.domain.entities.Person : Total outstanding debt calculated - result: 10000.05 EUR
2026-03-07 21:59:50.500 DEBUG [http-nio-8080-exec-3] e.N.R.m.a.u.RequestApplicationService : getRequestDetails operation completed successfully - requestId: [665c1b2c3d4e5f6a7b8c9d01]
2026-03-07 21:59:50.501 INFO  [http-nio-8080-exec-3] e.N.R.m.i.a.i.RequestControllerAdapter : Response sent successfully - Status: 200 - RequestId: [665c1b2c3d4e5f6a7b8c9d01]
2026-03-07 22:07:08.594 INFO  [http-nio-8080-exec-6] e.N.R.m.i.a.i.SimulationControllerAdapter : Request received: PATCH /api/simulations/665f1b2c3d4e5f6a7b8c9d01
2026-03-07 22:07:08.595 DEBUG [http-nio-8080-exec-6] e.N.R.m.a.u.SimulationApplicationService : Starting archiveSimulation operation - simulationId: [665f1b2c3d4e5f6a7b8c9d01]
2026-03-07 22:07:08.595 DEBUG [http-nio-8080-exec-6] e.N.R.m.i.a.o.SimulationRepositoryAdapter : Executing findById operation on simulations - simulationId: [665f1b2c3d4e5f6a7b8c9d01]
2026-03-07 22:07:08.601 DEBUG [http-nio-8080-exec-6] e.N.R.m.i.a.o.SimulationRepositoryAdapter : Simulation found in database - simulationId: [665f1b2c3d4e5f6a7b8c9d01]
2026-03-07 22:07:08.601 DEBUG [http-nio-8080-exec-6] e.N.R.m.a.u.SimulationApplicationService : Simulation found for archiving - simulationId: [665f1b2c3d4e5f6a7b8c9d01]
2026-03-07 22:07:08.602 DEBUG [http-nio-8080-exec-6] e.N.R.m.i.a.o.SimulationRepositoryAdapter : Executing save operation on simulations - simulationId: [665f1b2c3d4e5f6a7b8c9d01]
2026-03-07 22:07:08.607 DEBUG [http-nio-8080-exec-6] e.N.R.m.i.a.o.SimulationRepositoryAdapter : Save operation on simulations completed - simulationId: [665f1b2c3d4e5f6a7b8c9d01]
2026-03-07 22:07:08.608 DEBUG [http-nio-8080-exec-6] e.N.R.m.a.u.SimulationApplicationService : archiveSimulation operation completed successfully - simulationId: [665f1b2c3d4e5f6a7b8c9d01], isArchived: [false]
2026-03-07 22:07:08.608 INFO  [http-nio-8080-exec-6] e.N.R.m.i.a.i.SimulationControllerAdapter : Response sent successfully - Status: 200 - RequestId: [665f1b2c3d4e5f6a7b8c9d01]
2026-03-07 22:07:18.729 INFO  [http-nio-8080-exec-7] e.N.R.m.i.a.i.SimulationControllerAdapter : Request received: PATCH /api/simulations/665f1b2c3d4e5f6a7b8c9d01
2026-03-07 22:07:18.729 DEBUG [http-nio-8080-exec-7] e.N.R.m.a.u.SimulationApplicationService : Starting archiveSimulation operation - simulationId: [665f1b2c3d4e5f6a7b8c9d01]
2026-03-07 22:07:18.730 DEBUG [http-nio-8080-exec-7] e.N.R.m.i.a.o.SimulationRepositoryAdapter : Executing findById operation on simulations - simulationId: [665f1b2c3d4e5f6a7b8c9d01]
2026-03-07 22:07:18.733 DEBUG [http-nio-8080-exec-7] e.N.R.m.i.a.o.SimulationRepositoryAdapter : Simulation found in database - simulationId: [665f1b2c3d4e5f6a7b8c9d01]
2026-03-07 22:07:18.733 DEBUG [http-nio-8080-exec-7] e.N.R.m.a.u.SimulationApplicationService : Simulation found for archiving - simulationId: [665f1b2c3d4e5f6a7b8c9d01]
2026-03-07 22:07:18.741 ERROR [http-nio-8080-exec-7] e.N.R.m.i.a.i.GlobalExceptionHandler : Unexpected error processing request: Cannot invoke "java.lang.Boolean.booleanValue()" because the return value of "es.NTTEnterprise.RIntellix.ms_core_data.application.dtos.input.ArchiveSimulationDTO.getIsArchived()" is null
java.lang.NullPointerException: Cannot invoke "java.lang.Boolean.booleanValue()" because the return value of "es.NTTEnterprise.RIntellix.ms_core_data.application.dtos.input.ArchiveSimulationDTO.getIsArchived()" is null
	at es.NTTEnterprise.RIntellix.ms_core_data.application.usecases.SimulationApplicationService.archiveSimulation(SimulationApplicationService.java:183)
	at es.NTTEnterprise.RIntellix.ms_core_data.infraestructure.adapters.input.SimulationControllerAdapter.archiveSimulation(SimulationControllerAdapter.java:130)
	at java.base/jdk.internal.reflect.NativeMethodAccessorImpl.invoke0(Native Method)
	at java.base/jdk.internal.reflect.NativeMethodAccessorImpl.invoke(NativeMethodAccessorImpl.java:77)
	at java.base/jdk.internal.reflect.DelegatingMethodAccessorImpl.invoke(DelegatingMethodAccessorImpl.java:43)
	at java.base/java.lang.reflect.Method.invoke(Method.java:568)
	at org.springframework.web.method.support.InvocableHandlerMethod.doInvoke(InvocableHandlerMethod.java:252)
	at org.springframework.web.method.support.InvocableHandlerMethod.invokeForRequest(InvocableHandlerMethod.java:184)
	at org.springframework.web.servlet.mvc.method.annotation.ServletInvocableHandlerMethod.invokeAndHandle(ServletInvocableHandlerMethod.java:117)
	at org.springframework.web.servlet.mvc.method.annotation.RequestMappingHandlerAdapter.invokeHandlerMethod(RequestMappingHandlerAdapter.java:934)
	at org.springframework.web.servlet.mvc.method.annotation.RequestMappingHandlerAdapter.handleInternal(RequestMappingHandlerAdapter.java:853)
	at org.springframework.web.servlet.mvc.method.AbstractHandlerMethodAdapter.handle(AbstractHandlerMethodAdapter.java:86)
	at org.springframework.web.servlet.DispatcherServlet.doDispatch(DispatcherServlet.java:963)
	at org.springframework.web.servlet.DispatcherServlet.doService(DispatcherServlet.java:866)
	at org.springframework.web.servlet.FrameworkServlet.processRequest(FrameworkServlet.java:1000)
	at org.springframework.web.servlet.FrameworkServlet.service(FrameworkServlet.java:877)
	at jakarta.servlet.http.HttpServlet.service(HttpServlet.java:710)
	at org.apache.catalina.core.ApplicationFilterChain.doFilter(ApplicationFilterChain.java:128)
	at org.apache.tomcat.websocket.server.WsFilter.doFilter(WsFilter.java:53)
	at org.apache.catalina.core.ApplicationFilterChain.doFilter(ApplicationFilterChain.java:107)
	at org.springframework.web.filter.RequestContextFilter.doFilterInternal(RequestContextFilter.java:100)
	at org.springframework.web.filter.OncePerRequestFilter.doFilter(OncePerRequestFilter.java:116)
	at org.apache.catalina.core.ApplicationFilterChain.doFilter(ApplicationFilterChain.java:107)
	at org.springframework.web.filter.FormContentFilter.doFilterInternal(FormContentFilter.java:93)
	at org.springframework.web.filter.OncePerRequestFilter.doFilter(OncePerRequestFilter.java:116)
	at org.apache.catalina.core.ApplicationFilterChain.doFilter(ApplicationFilterChain.java:107)
	at org.springframework.web.filter.CharacterEncodingFilter.doFilterInternal(CharacterEncodingFilter.java:199)
	at org.springframework.web.filter.OncePerRequestFilter.doFilter(OncePerRequestFilter.java:116)
	at org.apache.catalina.core.ApplicationFilterChain.doFilter(ApplicationFilterChain.java:107)
	at org.apache.catalina.core.StandardWrapperValve.invoke(StandardWrapperValve.java:165)
	at org.apache.catalina.core.StandardContextValve.invoke(StandardContextValve.java:77)
	at org.apache.catalina.authenticator.AuthenticatorBase.invoke(AuthenticatorBase.java:492)
	at org.apache.catalina.core.StandardHostValve.invoke(StandardHostValve.java:113)
	at org.apache.catalina.valves.ErrorReportValve.invoke(ErrorReportValve.java:83)
	at org.apache.catalina.core.StandardEngineValve.invoke(StandardEngineValve.java:72)
	at org.apache.catalina.connector.CoyoteAdapter.service(CoyoteAdapter.java:341)
	at org.apache.coyote.http11.Http11Processor.service(Http11Processor.java:397)
	at org.apache.coyote.AbstractProcessorLight.process(AbstractProcessorLight.java:63)
	at org.apache.coyote.AbstractProtocol$ConnectionHandler.process(AbstractProtocol.java:903)
	at org.apache.tomcat.util.net.NioEndpoint$SocketProcessor.doRun(NioEndpoint.java:1779)
	at org.apache.tomcat.util.net.SocketProcessorBase.run(SocketProcessorBase.java:52)
	at org.apache.tomcat.util.threads.ThreadPoolExecutor.runWorker(ThreadPoolExecutor.java:946)
	at org.apache.tomcat.util.threads.ThreadPoolExecutor$Worker.run(ThreadPoolExecutor.java:480)
	at org.apache.tomcat.util.threads.TaskThread$WrappingRunnable.run(TaskThread.java:57)
	at java.base/java.lang.Thread.run(Thread.java:842)
2026-03-07 22:07:18.746 ERROR [http-nio-8080-exec-7] e.N.R.m.i.a.i.GlobalExceptionHandler : Error response sent - Status: 500 - Reason: Internal server error
2026-03-07 22:19:52.811 INFO  [main] e.N.R.m.MsCoreDataApplication : Starting MsCoreDataApplication using Java 17.0.12 with PID 32448 (C:\Users\ferna\Escritorio\Escritorio\TFG\Implementacion\ms-core-data\target\classes started by ferna in C:\Users\ferna\Escritorio\Escritorio\TFG\Implementacion\ms-core-data)
2026-03-07 22:19:52.821 DEBUG [main] e.N.R.m.MsCoreDataApplication : Running with Spring Boot v4.0.3, Spring v7.0.5
2026-03-07 22:19:52.822 INFO  [main] e.N.R.m.MsCoreDataApplication : No active profile set, falling back to 1 default profile: "default"
2026-03-07 22:19:53.943 INFO  [main] o.s.d.r.c.RepositoryConfigurationDelegate : Bootstrapping Spring Data MongoDB repositories in DEFAULT mode.
2026-03-07 22:19:54.176 INFO  [main] o.s.d.r.c.RepositoryConfigurationDelegate : Finished Spring Data repository scanning in 215 ms. Found 5 MongoDB repository interfaces.
2026-03-07 22:19:54.889 INFO  [main] o.s.boot.tomcat.TomcatWebServer : Tomcat initialized with port 8080 (http)
2026-03-07 22:19:54.905 INFO  [main] o.a.coyote.http11.Http11NioProtocol : Initializing ProtocolHandler ["http-nio-8080"]
2026-03-07 22:19:54.909 INFO  [main] o.a.catalina.core.StandardService : Starting service [Tomcat]
2026-03-07 22:19:54.910 INFO  [main] o.a.catalina.core.StandardEngine : Starting Servlet engine: [Apache Tomcat/11.0.18]
2026-03-07 22:19:55.014 INFO  [main] o.s.b.w.c.s.WebApplicationContextInitializer : Root WebApplicationContext: initialization completed in 2045 ms
2026-03-07 22:19:57.015 INFO  [main] o.a.coyote.http11.Http11NioProtocol : Starting ProtocolHandler ["http-nio-8080"]
2026-03-07 22:19:57.055 INFO  [main] o.s.boot.tomcat.TomcatWebServer : Tomcat started on port 8080 (http) with context path '/'
2026-03-07 22:19:57.067 INFO  [main] e.N.R.m.MsCoreDataApplication : Started MsCoreDataApplication in 5.21 seconds (process running for 5.85)
2026-03-07 22:20:42.098 INFO  [http-nio-8080-exec-1] o.a.c.c.C.[Tomcat].[localhost].[/] : Initializing Spring DispatcherServlet 'dispatcherServlet'
2026-03-07 22:20:42.100 INFO  [http-nio-8080-exec-1] o.s.web.servlet.DispatcherServlet : Initializing Servlet 'dispatcherServlet'
2026-03-07 22:20:42.102 INFO  [http-nio-8080-exec-1] o.s.web.servlet.DispatcherServlet : Completed initialization in 2 ms
2026-03-07 22:20:42.296 INFO  [http-nio-8080-exec-1] e.N.R.m.i.a.i.SimulationControllerAdapter : Request received: PATCH /api/simulations/665f1b2c3d4e5f6a7b8c9d01
2026-03-07 22:20:42.297 DEBUG [http-nio-8080-exec-1] e.N.R.m.a.u.SimulationApplicationService : Starting archiveSimulation operation - simulationId: [665f1b2c3d4e5f6a7b8c9d01]
2026-03-07 22:20:42.300 DEBUG [http-nio-8080-exec-1] e.N.R.m.i.a.o.SimulationRepositoryAdapter : Executing findById operation on simulations - simulationId: [665f1b2c3d4e5f6a7b8c9d01]
2026-03-07 22:20:42.472 DEBUG [http-nio-8080-exec-1] e.N.R.m.i.a.o.SimulationRepositoryAdapter : Simulation found in database - simulationId: [665f1b2c3d4e5f6a7b8c9d01]
2026-03-07 22:20:42.473 DEBUG [http-nio-8080-exec-1] e.N.R.m.a.u.SimulationApplicationService : Simulation found for archiving - simulationId: [665f1b2c3d4e5f6a7b8c9d01]
2026-03-07 22:20:42.476 ERROR [http-nio-8080-exec-1] e.N.R.m.i.a.i.GlobalExceptionHandler : Unexpected error processing request: Cannot invoke "java.lang.Boolean.booleanValue()" because the return value of "es.NTTEnterprise.RIntellix.ms_core_data.application.dtos.input.ArchiveSimulationDTO.getIsArchived()" is null
java.lang.NullPointerException: Cannot invoke "java.lang.Boolean.booleanValue()" because the return value of "es.NTTEnterprise.RIntellix.ms_core_data.application.dtos.input.ArchiveSimulationDTO.getIsArchived()" is null
	at es.NTTEnterprise.RIntellix.ms_core_data.application.usecases.SimulationApplicationService.archiveSimulation(SimulationApplicationService.java:183)
	at es.NTTEnterprise.RIntellix.ms_core_data.infraestructure.adapters.input.SimulationControllerAdapter.archiveSimulation(SimulationControllerAdapter.java:132)
	at java.base/jdk.internal.reflect.NativeMethodAccessorImpl.invoke0(Native Method)
	at java.base/jdk.internal.reflect.NativeMethodAccessorImpl.invoke(NativeMethodAccessorImpl.java:77)
	at java.base/jdk.internal.reflect.DelegatingMethodAccessorImpl.invoke(DelegatingMethodAccessorImpl.java:43)
	at java.base/java.lang.reflect.Method.invoke(Method.java:568)
	at org.springframework.web.method.support.InvocableHandlerMethod.doInvoke(InvocableHandlerMethod.java:252)
	at org.springframework.web.method.support.InvocableHandlerMethod.invokeForRequest(InvocableHandlerMethod.java:184)
	at org.springframework.web.servlet.mvc.method.annotation.ServletInvocableHandlerMethod.invokeAndHandle(ServletInvocableHandlerMethod.java:117)
	at org.springframework.web.servlet.mvc.method.annotation.RequestMappingHandlerAdapter.invokeHandlerMethod(RequestMappingHandlerAdapter.java:934)
	at org.springframework.web.servlet.mvc.method.annotation.RequestMappingHandlerAdapter.handleInternal(RequestMappingHandlerAdapter.java:853)
	at org.springframework.web.servlet.mvc.method.AbstractHandlerMethodAdapter.handle(AbstractHandlerMethodAdapter.java:86)
	at org.springframework.web.servlet.DispatcherServlet.doDispatch(DispatcherServlet.java:963)
	at org.springframework.web.servlet.DispatcherServlet.doService(DispatcherServlet.java:866)
	at org.springframework.web.servlet.FrameworkServlet.processRequest(FrameworkServlet.java:1000)
	at org.springframework.web.servlet.FrameworkServlet.service(FrameworkServlet.java:877)
	at jakarta.servlet.http.HttpServlet.service(HttpServlet.java:710)
	at org.apache.catalina.core.ApplicationFilterChain.doFilter(ApplicationFilterChain.java:128)
	at org.apache.tomcat.websocket.server.WsFilter.doFilter(WsFilter.java:53)
	at org.apache.catalina.core.ApplicationFilterChain.doFilter(ApplicationFilterChain.java:107)
	at org.springframework.web.filter.RequestContextFilter.doFilterInternal(RequestContextFilter.java:100)
	at org.springframework.web.filter.OncePerRequestFilter.doFilter(OncePerRequestFilter.java:116)
	at org.apache.catalina.core.ApplicationFilterChain.doFilter(ApplicationFilterChain.java:107)
	at org.springframework.web.filter.FormContentFilter.doFilterInternal(FormContentFilter.java:93)
	at org.springframework.web.filter.OncePerRequestFilter.doFilter(OncePerRequestFilter.java:116)
	at org.apache.catalina.core.ApplicationFilterChain.doFilter(ApplicationFilterChain.java:107)
	at org.springframework.web.filter.CharacterEncodingFilter.doFilterInternal(CharacterEncodingFilter.java:199)
	at org.springframework.web.filter.OncePerRequestFilter.doFilter(OncePerRequestFilter.java:116)
	at org.apache.catalina.core.ApplicationFilterChain.doFilter(ApplicationFilterChain.java:107)
	at org.apache.catalina.core.StandardWrapperValve.invoke(StandardWrapperValve.java:165)
	at org.apache.catalina.core.StandardContextValve.invoke(StandardContextValve.java:77)
	at org.apache.catalina.authenticator.AuthenticatorBase.invoke(AuthenticatorBase.java:492)
	at org.apache.catalina.core.StandardHostValve.invoke(StandardHostValve.java:113)
	at org.apache.catalina.valves.ErrorReportValve.invoke(ErrorReportValve.java:83)
	at org.apache.catalina.core.StandardEngineValve.invoke(StandardEngineValve.java:72)
	at org.apache.catalina.connector.CoyoteAdapter.service(CoyoteAdapter.java:341)
	at org.apache.coyote.http11.Http11Processor.service(Http11Processor.java:397)
	at org.apache.coyote.AbstractProcessorLight.process(AbstractProcessorLight.java:63)
	at org.apache.coyote.AbstractProtocol$ConnectionHandler.process(AbstractProtocol.java:903)
	at org.apache.tomcat.util.net.NioEndpoint$SocketProcessor.doRun(NioEndpoint.java:1779)
	at org.apache.tomcat.util.net.SocketProcessorBase.run(SocketProcessorBase.java:52)
	at org.apache.tomcat.util.threads.ThreadPoolExecutor.runWorker(ThreadPoolExecutor.java:946)
	at org.apache.tomcat.util.threads.ThreadPoolExecutor$Worker.run(ThreadPoolExecutor.java:480)
	at org.apache.tomcat.util.threads.TaskThread$WrappingRunnable.run(TaskThread.java:57)
	at java.base/java.lang.Thread.run(Thread.java:842)
2026-03-07 22:20:42.482 ERROR [http-nio-8080-exec-1] e.N.R.m.i.a.i.GlobalExceptionHandler : Error response sent - Status: 500 - Reason: Internal server error
2026-03-07 22:22:46.771 INFO  [main] e.N.R.m.MsCoreDataApplication : Starting MsCoreDataApplication using Java 17.0.12 with PID 20584 (C:\Users\ferna\Escritorio\Escritorio\TFG\Implementacion\ms-core-data\target\classes started by ferna in C:\Users\ferna\Escritorio\Escritorio\TFG\Implementacion\ms-core-data)
2026-03-07 22:22:46.777 DEBUG [main] e.N.R.m.MsCoreDataApplication : Running with Spring Boot v4.0.3, Spring v7.0.5
2026-03-07 22:22:46.778 INFO  [main] e.N.R.m.MsCoreDataApplication : No active profile set, falling back to 1 default profile: "default"
2026-03-07 22:22:47.885 INFO  [main] o.s.d.r.c.RepositoryConfigurationDelegate : Bootstrapping Spring Data MongoDB repositories in DEFAULT mode.
2026-03-07 22:22:48.135 INFO  [main] o.s.d.r.c.RepositoryConfigurationDelegate : Finished Spring Data repository scanning in 241 ms. Found 5 MongoDB repository interfaces.
2026-03-07 22:22:48.806 INFO  [main] o.s.boot.tomcat.TomcatWebServer : Tomcat initialized with port 8080 (http)
2026-03-07 22:22:48.824 INFO  [main] o.a.coyote.http11.Http11NioProtocol : Initializing ProtocolHandler ["http-nio-8080"]
2026-03-07 22:22:48.829 INFO  [main] o.a.catalina.core.StandardService : Starting service [Tomcat]
2026-03-07 22:22:48.829 INFO  [main] o.a.catalina.core.StandardEngine : Starting Servlet engine: [Apache Tomcat/11.0.18]
2026-03-07 22:22:48.950 INFO  [main] o.s.b.w.c.s.WebApplicationContextInitializer : Root WebApplicationContext: initialization completed in 2019 ms
2026-03-07 22:22:50.899 INFO  [main] o.a.coyote.http11.Http11NioProtocol : Starting ProtocolHandler ["http-nio-8080"]
2026-03-07 22:22:50.939 INFO  [main] o.s.boot.tomcat.TomcatWebServer : Tomcat started on port 8080 (http) with context path '/'
2026-03-07 22:22:50.948 INFO  [main] e.N.R.m.MsCoreDataApplication : Started MsCoreDataApplication in 5.127 seconds (process running for 5.76)
2026-03-07 22:22:58.256 INFO  [http-nio-8080-exec-1] o.a.c.c.C.[Tomcat].[localhost].[/] : Initializing Spring DispatcherServlet 'dispatcherServlet'
2026-03-07 22:22:58.257 INFO  [http-nio-8080-exec-1] o.s.web.servlet.DispatcherServlet : Initializing Servlet 'dispatcherServlet'
2026-03-07 22:22:58.260 INFO  [http-nio-8080-exec-1] o.s.web.servlet.DispatcherServlet : Completed initialization in 1 ms
2026-03-07 22:22:58.453 INFO  [http-nio-8080-exec-1] e.N.R.m.i.a.i.SimulationControllerAdapter : Request received: PATCH /api/simulations/665f1b2c3d4e5f6a7b8c9d01
2026-03-07 22:22:58.454 DEBUG [http-nio-8080-exec-1] e.N.R.m.a.u.SimulationApplicationService : Starting archiveSimulation operation - simulationId: [665f1b2c3d4e5f6a7b8c9d01]
2026-03-07 22:22:58.457 DEBUG [http-nio-8080-exec-1] e.N.R.m.i.a.o.SimulationRepositoryAdapter : Executing findById operation on simulations - simulationId: [665f1b2c3d4e5f6a7b8c9d01]
2026-03-07 22:22:58.643 DEBUG [http-nio-8080-exec-1] e.N.R.m.i.a.o.SimulationRepositoryAdapter : Simulation found in database - simulationId: [665f1b2c3d4e5f6a7b8c9d01]
2026-03-07 22:22:58.644 DEBUG [http-nio-8080-exec-1] e.N.R.m.a.u.SimulationApplicationService : Simulation found for archiving - simulationId: [665f1b2c3d4e5f6a7b8c9d01]
2026-03-07 22:22:58.649 ERROR [http-nio-8080-exec-1] e.N.R.m.i.a.i.GlobalExceptionHandler : Unexpected error processing request: Cannot invoke "java.lang.Boolean.booleanValue()" because the return value of "es.NTTEnterprise.RIntellix.ms_core_data.application.dtos.input.ArchiveSimulationDTO.getIsArchived()" is null
java.lang.NullPointerException: Cannot invoke "java.lang.Boolean.booleanValue()" because the return value of "es.NTTEnterprise.RIntellix.ms_core_data.application.dtos.input.ArchiveSimulationDTO.getIsArchived()" is null
	at es.NTTEnterprise.RIntellix.ms_core_data.application.usecases.SimulationApplicationService.archiveSimulation(SimulationApplicationService.java:183)
	at es.NTTEnterprise.RIntellix.ms_core_data.infraestructure.adapters.input.SimulationControllerAdapter.archiveSimulation(SimulationControllerAdapter.java:132)
	at java.base/jdk.internal.reflect.NativeMethodAccessorImpl.invoke0(Native Method)
	at java.base/jdk.internal.reflect.NativeMethodAccessorImpl.invoke(NativeMethodAccessorImpl.java:77)
	at java.base/jdk.internal.reflect.DelegatingMethodAccessorImpl.invoke(DelegatingMethodAccessorImpl.java:43)
	at java.base/java.lang.reflect.Method.invoke(Method.java:568)
	at org.springframework.web.method.support.InvocableHandlerMethod.doInvoke(InvocableHandlerMethod.java:252)
	at org.springframework.web.method.support.InvocableHandlerMethod.invokeForRequest(InvocableHandlerMethod.java:184)
	at org.springframework.web.servlet.mvc.method.annotation.ServletInvocableHandlerMethod.invokeAndHandle(ServletInvocableHandlerMethod.java:117)
	at org.springframework.web.servlet.mvc.method.annotation.RequestMappingHandlerAdapter.invokeHandlerMethod(RequestMappingHandlerAdapter.java:934)
	at org.springframework.web.servlet.mvc.method.annotation.RequestMappingHandlerAdapter.handleInternal(RequestMappingHandlerAdapter.java:853)
	at org.springframework.web.servlet.mvc.method.AbstractHandlerMethodAdapter.handle(AbstractHandlerMethodAdapter.java:86)
	at org.springframework.web.servlet.DispatcherServlet.doDispatch(DispatcherServlet.java:963)
	at org.springframework.web.servlet.DispatcherServlet.doService(DispatcherServlet.java:866)
	at org.springframework.web.servlet.FrameworkServlet.processRequest(FrameworkServlet.java:1000)
	at org.springframework.web.servlet.FrameworkServlet.service(FrameworkServlet.java:877)
	at jakarta.servlet.http.HttpServlet.service(HttpServlet.java:710)
	at org.apache.catalina.core.ApplicationFilterChain.doFilter(ApplicationFilterChain.java:128)
	at org.apache.tomcat.websocket.server.WsFilter.doFilter(WsFilter.java:53)
	at org.apache.catalina.core.ApplicationFilterChain.doFilter(ApplicationFilterChain.java:107)
	at org.springframework.web.filter.RequestContextFilter.doFilterInternal(RequestContextFilter.java:100)
	at org.springframework.web.filter.OncePerRequestFilter.doFilter(OncePerRequestFilter.java:116)
	at org.apache.catalina.core.ApplicationFilterChain.doFilter(ApplicationFilterChain.java:107)
	at org.springframework.web.filter.FormContentFilter.doFilterInternal(FormContentFilter.java:93)
	at org.springframework.web.filter.OncePerRequestFilter.doFilter(OncePerRequestFilter.java:116)
	at org.apache.catalina.core.ApplicationFilterChain.doFilter(ApplicationFilterChain.java:107)
	at org.springframework.web.filter.CharacterEncodingFilter.doFilterInternal(CharacterEncodingFilter.java:199)
	at org.springframework.web.filter.OncePerRequestFilter.doFilter(OncePerRequestFilter.java:116)
	at org.apache.catalina.core.ApplicationFilterChain.doFilter(ApplicationFilterChain.java:107)
	at org.apache.catalina.core.StandardWrapperValve.invoke(StandardWrapperValve.java:165)
	at org.apache.catalina.core.StandardContextValve.invoke(StandardContextValve.java:77)
	at org.apache.catalina.authenticator.AuthenticatorBase.invoke(AuthenticatorBase.java:492)
	at org.apache.catalina.core.StandardHostValve.invoke(StandardHostValve.java:113)
	at org.apache.catalina.valves.ErrorReportValve.invoke(ErrorReportValve.java:83)
	at org.apache.catalina.core.StandardEngineValve.invoke(StandardEngineValve.java:72)
	at org.apache.catalina.connector.CoyoteAdapter.service(CoyoteAdapter.java:341)
	at org.apache.coyote.http11.Http11Processor.service(Http11Processor.java:397)
	at org.apache.coyote.AbstractProcessorLight.process(AbstractProcessorLight.java:63)
	at org.apache.coyote.AbstractProtocol$ConnectionHandler.process(AbstractProtocol.java:903)
	at org.apache.tomcat.util.net.NioEndpoint$SocketProcessor.doRun(NioEndpoint.java:1779)
	at org.apache.tomcat.util.net.SocketProcessorBase.run(SocketProcessorBase.java:52)
	at org.apache.tomcat.util.threads.ThreadPoolExecutor.runWorker(ThreadPoolExecutor.java:946)
	at org.apache.tomcat.util.threads.ThreadPoolExecutor$Worker.run(ThreadPoolExecutor.java:480)
	at org.apache.tomcat.util.threads.TaskThread$WrappingRunnable.run(TaskThread.java:57)
	at java.base/java.lang.Thread.run(Thread.java:842)
2026-03-07 22:22:58.654 ERROR [http-nio-8080-exec-1] e.N.R.m.i.a.i.GlobalExceptionHandler : Error response sent - Status: 500 - Reason: Internal server error
2026-03-07 22:23:05.303 INFO  [main] e.N.R.m.MsCoreDataApplication : Starting MsCoreDataApplication using Java 17.0.12 with PID 16748 (C:\Users\ferna\Escritorio\Escritorio\TFG\Implementacion\ms-core-data\target\classes started by ferna in C:\Users\ferna\Escritorio\Escritorio\TFG\Implementacion\ms-core-data)
2026-03-07 22:23:05.309 DEBUG [main] e.N.R.m.MsCoreDataApplication : Running with Spring Boot v4.0.3, Spring v7.0.5
2026-03-07 22:23:05.310 INFO  [main] e.N.R.m.MsCoreDataApplication : No active profile set, falling back to 1 default profile: "default"
2026-03-07 22:23:06.359 INFO  [main] o.s.d.r.c.RepositoryConfigurationDelegate : Bootstrapping Spring Data MongoDB repositories in DEFAULT mode.
2026-03-07 22:23:06.570 INFO  [main] o.s.d.r.c.RepositoryConfigurationDelegate : Finished Spring Data repository scanning in 203 ms. Found 5 MongoDB repository interfaces.
2026-03-07 22:23:07.257 INFO  [main] o.s.boot.tomcat.TomcatWebServer : Tomcat initialized with port 8080 (http)
2026-03-07 22:23:07.272 INFO  [main] o.a.coyote.http11.Http11NioProtocol : Initializing ProtocolHandler ["http-nio-8080"]
2026-03-07 22:23:07.276 INFO  [main] o.a.catalina.core.StandardService : Starting service [Tomcat]
2026-03-07 22:23:07.277 INFO  [main] o.a.catalina.core.StandardEngine : Starting Servlet engine: [Apache Tomcat/11.0.18]
2026-03-07 22:23:07.364 INFO  [main] o.s.b.w.c.s.WebApplicationContextInitializer : Root WebApplicationContext: initialization completed in 1909 ms
2026-03-07 22:23:09.068 INFO  [main] o.a.coyote.http11.Http11NioProtocol : Starting ProtocolHandler ["http-nio-8080"]
2026-03-07 22:23:09.097 INFO  [main] o.s.boot.tomcat.TomcatWebServer : Tomcat started on port 8080 (http) with context path '/'
2026-03-07 22:23:09.106 INFO  [main] e.N.R.m.MsCoreDataApplication : Started MsCoreDataApplication in 4.757 seconds (process running for 5.377)
2026-03-07 22:23:13.624 INFO  [http-nio-8080-exec-1] o.a.c.c.C.[Tomcat].[localhost].[/] : Initializing Spring DispatcherServlet 'dispatcherServlet'
2026-03-07 22:23:13.624 INFO  [http-nio-8080-exec-1] o.s.web.servlet.DispatcherServlet : Initializing Servlet 'dispatcherServlet'
2026-03-07 22:23:13.627 INFO  [http-nio-8080-exec-1] o.s.web.servlet.DispatcherServlet : Completed initialization in 2 ms
2026-03-07 22:23:13.808 INFO  [http-nio-8080-exec-1] e.N.R.m.i.a.i.SimulationControllerAdapter : Request received: PATCH /api/simulations/665f1b2c3d4e5f6a7b8c9d01
2026-03-07 22:23:13.808 DEBUG [http-nio-8080-exec-1] e.N.R.m.a.u.SimulationApplicationService : Starting archiveSimulation operation - simulationId: [665f1b2c3d4e5f6a7b8c9d01]
2026-03-07 22:23:13.811 DEBUG [http-nio-8080-exec-1] e.N.R.m.i.a.o.SimulationRepositoryAdapter : Executing findById operation on simulations - simulationId: [665f1b2c3d4e5f6a7b8c9d01]
2026-03-07 22:23:13.975 DEBUG [http-nio-8080-exec-1] e.N.R.m.i.a.o.SimulationRepositoryAdapter : Simulation found in database - simulationId: [665f1b2c3d4e5f6a7b8c9d01]
2026-03-07 22:23:13.976 DEBUG [http-nio-8080-exec-1] e.N.R.m.a.u.SimulationApplicationService : Simulation found for archiving - simulationId: [665f1b2c3d4e5f6a7b8c9d01]
2026-03-07 22:23:13.980 ERROR [http-nio-8080-exec-1] e.N.R.m.i.a.i.GlobalExceptionHandler : Unexpected error processing request: Cannot invoke "java.lang.Boolean.booleanValue()" because the return value of "es.NTTEnterprise.RIntellix.ms_core_data.application.dtos.input.ArchiveSimulationDTO.getIsArchived()" is null
java.lang.NullPointerException: Cannot invoke "java.lang.Boolean.booleanValue()" because the return value of "es.NTTEnterprise.RIntellix.ms_core_data.application.dtos.input.ArchiveSimulationDTO.getIsArchived()" is null
	at es.NTTEnterprise.RIntellix.ms_core_data.application.usecases.SimulationApplicationService.archiveSimulation(SimulationApplicationService.java:183)
	at es.NTTEnterprise.RIntellix.ms_core_data.infraestructure.adapters.input.SimulationControllerAdapter.archiveSimulation(SimulationControllerAdapter.java:132)
	at java.base/jdk.internal.reflect.NativeMethodAccessorImpl.invoke0(Native Method)
	at java.base/jdk.internal.reflect.NativeMethodAccessorImpl.invoke(NativeMethodAccessorImpl.java:77)
	at java.base/jdk.internal.reflect.DelegatingMethodAccessorImpl.invoke(DelegatingMethodAccessorImpl.java:43)
	at java.base/java.lang.reflect.Method.invoke(Method.java:568)
	at org.springframework.web.method.support.InvocableHandlerMethod.doInvoke(InvocableHandlerMethod.java:252)
	at org.springframework.web.method.support.InvocableHandlerMethod.invokeForRequest(InvocableHandlerMethod.java:184)
	at org.springframework.web.servlet.mvc.method.annotation.ServletInvocableHandlerMethod.invokeAndHandle(ServletInvocableHandlerMethod.java:117)
	at org.springframework.web.servlet.mvc.method.annotation.RequestMappingHandlerAdapter.invokeHandlerMethod(RequestMappingHandlerAdapter.java:934)
	at org.springframework.web.servlet.mvc.method.annotation.RequestMappingHandlerAdapter.handleInternal(RequestMappingHandlerAdapter.java:853)
	at org.springframework.web.servlet.mvc.method.AbstractHandlerMethodAdapter.handle(AbstractHandlerMethodAdapter.java:86)
	at org.springframework.web.servlet.DispatcherServlet.doDispatch(DispatcherServlet.java:963)
	at org.springframework.web.servlet.DispatcherServlet.doService(DispatcherServlet.java:866)
	at org.springframework.web.servlet.FrameworkServlet.processRequest(FrameworkServlet.java:1000)
	at org.springframework.web.servlet.FrameworkServlet.service(FrameworkServlet.java:877)
	at jakarta.servlet.http.HttpServlet.service(HttpServlet.java:710)
	at org.apache.catalina.core.ApplicationFilterChain.doFilter(ApplicationFilterChain.java:128)
	at org.apache.tomcat.websocket.server.WsFilter.doFilter(WsFilter.java:53)
	at org.apache.catalina.core.ApplicationFilterChain.doFilter(ApplicationFilterChain.java:107)
	at org.springframework.web.filter.RequestContextFilter.doFilterInternal(RequestContextFilter.java:100)
	at org.springframework.web.filter.OncePerRequestFilter.doFilter(OncePerRequestFilter.java:116)
	at org.apache.catalina.core.ApplicationFilterChain.doFilter(ApplicationFilterChain.java:107)
	at org.springframework.web.filter.FormContentFilter.doFilterInternal(FormContentFilter.java:93)
	at org.springframework.web.filter.OncePerRequestFilter.doFilter(OncePerRequestFilter.java:116)
	at org.apache.catalina.core.ApplicationFilterChain.doFilter(ApplicationFilterChain.java:107)
	at org.springframework.web.filter.CharacterEncodingFilter.doFilterInternal(CharacterEncodingFilter.java:199)
	at org.springframework.web.filter.OncePerRequestFilter.doFilter(OncePerRequestFilter.java:116)
	at org.apache.catalina.core.ApplicationFilterChain.doFilter(ApplicationFilterChain.java:107)
	at org.apache.catalina.core.StandardWrapperValve.invoke(StandardWrapperValve.java:165)
	at org.apache.catalina.core.StandardContextValve.invoke(StandardContextValve.java:77)
	at org.apache.catalina.authenticator.AuthenticatorBase.invoke(AuthenticatorBase.java:492)
	at org.apache.catalina.core.StandardHostValve.invoke(StandardHostValve.java:113)
	at org.apache.catalina.valves.ErrorReportValve.invoke(ErrorReportValve.java:83)
	at org.apache.catalina.core.StandardEngineValve.invoke(StandardEngineValve.java:72)
	at org.apache.catalina.connector.CoyoteAdapter.service(CoyoteAdapter.java:341)
	at org.apache.coyote.http11.Http11Processor.service(Http11Processor.java:397)
	at org.apache.coyote.AbstractProcessorLight.process(AbstractProcessorLight.java:63)
	at org.apache.coyote.AbstractProtocol$ConnectionHandler.process(AbstractProtocol.java:903)
	at org.apache.tomcat.util.net.NioEndpoint$SocketProcessor.doRun(NioEndpoint.java:1779)
	at org.apache.tomcat.util.net.SocketProcessorBase.run(SocketProcessorBase.java:52)
	at org.apache.tomcat.util.threads.ThreadPoolExecutor.runWorker(ThreadPoolExecutor.java:946)
	at org.apache.tomcat.util.threads.ThreadPoolExecutor$Worker.run(ThreadPoolExecutor.java:480)
	at org.apache.tomcat.util.threads.TaskThread$WrappingRunnable.run(TaskThread.java:57)
	at java.base/java.lang.Thread.run(Thread.java:842)
2026-03-07 22:23:13.989 ERROR [http-nio-8080-exec-1] e.N.R.m.i.a.i.GlobalExceptionHandler : Error response sent - Status: 500 - Reason: Internal server error
2026-03-07 22:23:26.521 INFO  [SpringApplicationShutdownHook] o.s.boot.tomcat.GracefulShutdown : Commencing graceful shutdown. Waiting for active requests to complete
2026-03-07 22:23:26.815 INFO  [tomcat-shutdown] o.s.boot.tomcat.GracefulShutdown : Graceful shutdown complete
2026-03-07 22:24:59.061 INFO  [main] e.N.R.m.MsCoreDataApplication : Starting MsCoreDataApplication using Java 17.0.12 with PID 32032 (C:\Users\ferna\Escritorio\Escritorio\TFG\Implementacion\ms-core-data\target\classes started by ferna in C:\Users\ferna\Escritorio\Escritorio\TFG\Implementacion\ms-core-data)
2026-03-07 22:24:59.066 DEBUG [main] e.N.R.m.MsCoreDataApplication : Running with Spring Boot v4.0.3, Spring v7.0.5
2026-03-07 22:24:59.068 INFO  [main] e.N.R.m.MsCoreDataApplication : No active profile set, falling back to 1 default profile: "default"
2026-03-07 22:24:59.555 INFO  [background-preinit] o.h.validator.internal.util.Version : HV000001: Hibernate Validator 9.0.1.Final
2026-03-07 22:25:00.400 INFO  [main] o.s.d.r.c.RepositoryConfigurationDelegate : Bootstrapping Spring Data MongoDB repositories in DEFAULT mode.
2026-03-07 22:25:00.650 INFO  [main] o.s.d.r.c.RepositoryConfigurationDelegate : Finished Spring Data repository scanning in 229 ms. Found 5 MongoDB repository interfaces.
2026-03-07 22:25:01.305 INFO  [main] o.s.boot.tomcat.TomcatWebServer : Tomcat initialized with port 8080 (http)
2026-03-07 22:25:01.322 INFO  [main] o.a.coyote.http11.Http11NioProtocol : Initializing ProtocolHandler ["http-nio-8080"]
2026-03-07 22:25:01.326 INFO  [main] o.a.catalina.core.StandardService : Starting service [Tomcat]
2026-03-07 22:25:01.327 INFO  [main] o.a.catalina.core.StandardEngine : Starting Servlet engine: [Apache Tomcat/11.0.18]
2026-03-07 22:25:01.424 INFO  [main] o.s.b.w.c.s.WebApplicationContextInitializer : Root WebApplicationContext: initialization completed in 2189 ms
2026-03-07 22:27:49.871 INFO  [main] e.N.R.m.MsCoreDataApplication : Starting MsCoreDataApplication using Java 17.0.12 with PID 33208 (C:\Users\ferna\Escritorio\Escritorio\TFG\Implementacion\ms-core-data\target\classes started by ferna in C:\Users\ferna\Escritorio\Escritorio\TFG\Implementacion\ms-core-data)
2026-03-07 22:27:49.881 DEBUG [main] e.N.R.m.MsCoreDataApplication : Running with Spring Boot v4.0.3, Spring v7.0.5
2026-03-07 22:27:49.882 INFO  [main] e.N.R.m.MsCoreDataApplication : No active profile set, falling back to 1 default profile: "default"
2026-03-07 22:27:50.266 INFO  [background-preinit] o.h.validator.internal.util.Version : HV000001: Hibernate Validator 9.0.1.Final
2026-03-07 22:27:51.145 INFO  [main] o.s.d.r.c.RepositoryConfigurationDelegate : Bootstrapping Spring Data MongoDB repositories in DEFAULT mode.
2026-03-07 22:27:51.392 INFO  [main] o.s.d.r.c.RepositoryConfigurationDelegate : Finished Spring Data repository scanning in 231 ms. Found 5 MongoDB repository interfaces.
2026-03-07 22:27:52.096 INFO  [main] o.s.boot.tomcat.TomcatWebServer : Tomcat initialized with port 8080 (http)
2026-03-07 22:27:52.113 INFO  [main] o.a.coyote.http11.Http11NioProtocol : Initializing ProtocolHandler ["http-nio-8080"]
2026-03-07 22:27:52.116 INFO  [main] o.a.catalina.core.StandardService : Starting service [Tomcat]
2026-03-07 22:27:52.116 INFO  [main] o.a.catalina.core.StandardEngine : Starting Servlet engine: [Apache Tomcat/11.0.18]
2026-03-07 22:27:52.222 INFO  [main] o.s.b.w.c.s.WebApplicationContextInitializer : Root WebApplicationContext: initialization completed in 2186 ms
2026-03-07 22:27:54.291 INFO  [main] o.a.coyote.http11.Http11NioProtocol : Starting ProtocolHandler ["http-nio-8080"]
2026-03-07 22:27:54.351 INFO  [main] o.s.boot.tomcat.TomcatWebServer : Tomcat started on port 8080 (http) with context path '/'
2026-03-07 22:27:54.369 INFO  [main] e.N.R.m.MsCoreDataApplication : Started MsCoreDataApplication in 5.435 seconds (process running for 6.122)
2026-03-07 22:28:06.826 INFO  [http-nio-8080-exec-2] o.a.c.c.C.[Tomcat].[localhost].[/] : Initializing Spring DispatcherServlet 'dispatcherServlet'
2026-03-07 22:28:06.826 INFO  [http-nio-8080-exec-2] o.s.web.servlet.DispatcherServlet : Initializing Servlet 'dispatcherServlet'
2026-03-07 22:28:06.828 INFO  [http-nio-8080-exec-2] o.s.web.servlet.DispatcherServlet : Completed initialization in 2 ms
2026-03-07 22:28:07.066 WARN  [http-nio-8080-exec-2] e.N.R.m.i.a.i.GlobalExceptionHandler : Validation error: isArchived: Archived status must be provided
2026-03-07 22:28:07.066 WARN  [http-nio-8080-exec-2] e.N.R.m.i.a.i.GlobalExceptionHandler : Error response sent - Status: 400 - Reason: isArchived: Archived status must be provided
2026-03-07 22:36:16.081 INFO  [main] e.N.R.m.MsCoreDataApplication : Starting MsCoreDataApplication using Java 17.0.12 with PID 10976 (C:\Users\ferna\Escritorio\Escritorio\TFG\Implementacion\ms-core-data\target\classes started by ferna in C:\Users\ferna\Escritorio\Escritorio\TFG\Implementacion\ms-core-data)
2026-03-07 22:36:16.089 DEBUG [main] e.N.R.m.MsCoreDataApplication : Running with Spring Boot v4.0.3, Spring v7.0.5
2026-03-07 22:36:16.091 INFO  [main] e.N.R.m.MsCoreDataApplication : No active profile set, falling back to 1 default profile: "default"
2026-03-07 22:36:16.590 INFO  [background-preinit] o.h.validator.internal.util.Version : HV000001: Hibernate Validator 9.0.1.Final
2026-03-07 22:36:17.424 INFO  [main] o.s.d.r.c.RepositoryConfigurationDelegate : Bootstrapping Spring Data MongoDB repositories in DEFAULT mode.
2026-03-07 22:36:17.687 INFO  [main] o.s.d.r.c.RepositoryConfigurationDelegate : Finished Spring Data repository scanning in 249 ms. Found 5 MongoDB repository interfaces.
2026-03-07 22:36:18.424 INFO  [main] o.s.boot.tomcat.TomcatWebServer : Tomcat initialized with port 8080 (http)
2026-03-07 22:36:18.440 INFO  [main] o.a.coyote.http11.Http11NioProtocol : Initializing ProtocolHandler ["http-nio-8080"]
2026-03-07 22:36:18.443 INFO  [main] o.a.catalina.core.StandardService : Starting service [Tomcat]
2026-03-07 22:36:18.444 INFO  [main] o.a.catalina.core.StandardEngine : Starting Servlet engine: [Apache Tomcat/11.0.18]
2026-03-07 22:36:18.591 INFO  [main] o.s.b.w.c.s.WebApplicationContextInitializer : Root WebApplicationContext: initialization completed in 2380 ms
2026-03-07 22:36:20.656 INFO  [main] o.a.coyote.http11.Http11NioProtocol : Starting ProtocolHandler ["http-nio-8080"]
2026-03-07 22:36:20.701 INFO  [main] o.s.boot.tomcat.TomcatWebServer : Tomcat started on port 8080 (http) with context path '/'
2026-03-07 22:36:20.712 INFO  [main] e.N.R.m.MsCoreDataApplication : Started MsCoreDataApplication in 5.647 seconds (process running for 6.309)
2026-03-07 22:37:51.916 INFO  [main] e.N.R.m.MsCoreDataApplication : Starting MsCoreDataApplication using Java 17.0.12 with PID 35324 (C:\Users\ferna\Escritorio\Escritorio\TFG\Implementacion\ms-core-data\target\classes started by ferna in C:\Users\ferna\Escritorio\Escritorio\TFG\Implementacion\ms-core-data)
2026-03-07 22:37:51.924 DEBUG [main] e.N.R.m.MsCoreDataApplication : Running with Spring Boot v4.0.3, Spring v7.0.5
2026-03-07 22:37:51.925 INFO  [main] e.N.R.m.MsCoreDataApplication : No active profile set, falling back to 1 default profile: "default"
2026-03-07 22:37:52.639 INFO  [background-preinit] o.h.validator.internal.util.Version : HV000001: Hibernate Validator 9.0.1.Final
2026-03-07 22:37:54.295 INFO  [main] o.s.d.r.c.RepositoryConfigurationDelegate : Bootstrapping Spring Data MongoDB repositories in DEFAULT mode.
2026-03-07 22:37:54.771 INFO  [main] o.s.d.r.c.RepositoryConfigurationDelegate : Finished Spring Data repository scanning in 464 ms. Found 5 MongoDB repository interfaces.
2026-03-07 22:37:56.051 INFO  [main] o.s.boot.tomcat.TomcatWebServer : Tomcat initialized with port 8080 (http)
2026-03-07 22:37:56.068 INFO  [main] o.a.coyote.http11.Http11NioProtocol : Initializing ProtocolHandler ["http-nio-8080"]
2026-03-07 22:37:56.072 INFO  [main] o.a.catalina.core.StandardService : Starting service [Tomcat]
2026-03-07 22:37:56.072 INFO  [main] o.a.catalina.core.StandardEngine : Starting Servlet engine: [Apache Tomcat/11.0.18]
2026-03-07 22:37:56.225 INFO  [main] o.s.b.w.c.s.WebApplicationContextInitializer : Root WebApplicationContext: initialization completed in 4018 ms
2026-03-07 22:37:59.463 INFO  [main] o.a.coyote.http11.Http11NioProtocol : Starting ProtocolHandler ["http-nio-8080"]
2026-03-07 22:37:59.585 INFO  [main] o.s.boot.tomcat.TomcatWebServer : Tomcat started on port 8080 (http) with context path '/'
2026-03-07 22:37:59.614 INFO  [main] e.N.R.m.MsCoreDataApplication : Started MsCoreDataApplication in 9.368 seconds (process running for 10.464)
2026-03-07 22:38:06.299 INFO  [http-nio-8080-exec-1] o.a.c.c.C.[Tomcat].[localhost].[/] : Initializing Spring DispatcherServlet 'dispatcherServlet'
2026-03-07 22:38:06.300 INFO  [http-nio-8080-exec-1] o.s.web.servlet.DispatcherServlet : Initializing Servlet 'dispatcherServlet'
2026-03-07 22:38:06.301 INFO  [http-nio-8080-exec-1] o.s.web.servlet.DispatcherServlet : Completed initialization in 1 ms
2026-03-07 22:38:06.623 WARN  [http-nio-8080-exec-1] e.N.R.m.i.a.i.GlobalExceptionHandler : Validation error: isArchived: Archived status must be provided
2026-03-07 22:38:06.624 WARN  [http-nio-8080-exec-1] e.N.R.m.i.a.i.GlobalExceptionHandler : Error response sent - Status: 400 - Reason: isArchived: Archived status must be provided
2026-03-07 22:38:16.937 INFO  [http-nio-8080-exec-4] e.N.R.m.i.a.i.SimulationControllerAdapter : Request received: PATCH /api/simulations/665f1b2c3d4e5f6a7b8c9d01
2026-03-07 22:38:16.938 DEBUG [http-nio-8080-exec-4] e.N.R.m.a.u.SimulationApplicationService : Starting archiveSimulation operation - simulationId: [665f1b2c3d4e5f6a7b8c9d01]
2026-03-07 22:38:16.939 DEBUG [http-nio-8080-exec-4] e.N.R.m.i.a.o.SimulationRepositoryAdapter : Executing findById operation on simulations - simulationId: [665f1b2c3d4e5f6a7b8c9d01]
2026-03-07 22:38:17.229 DEBUG [http-nio-8080-exec-4] e.N.R.m.i.a.o.SimulationRepositoryAdapter : Simulation found in database - simulationId: [665f1b2c3d4e5f6a7b8c9d01]
2026-03-07 22:38:17.230 DEBUG [http-nio-8080-exec-4] e.N.R.m.a.u.SimulationApplicationService : Simulation found for archiving - simulationId: [665f1b2c3d4e5f6a7b8c9d01]
2026-03-07 22:38:17.230 DEBUG [http-nio-8080-exec-4] e.N.R.m.i.a.o.SimulationRepositoryAdapter : Executing save operation on simulations - simulationId: [665f1b2c3d4e5f6a7b8c9d01]
2026-03-07 22:38:17.270 DEBUG [http-nio-8080-exec-4] e.N.R.m.i.a.o.SimulationRepositoryAdapter : Save operation on simulations completed - simulationId: [665f1b2c3d4e5f6a7b8c9d01]
2026-03-07 22:38:17.270 DEBUG [http-nio-8080-exec-4] e.N.R.m.a.u.SimulationApplicationService : archiveSimulation operation completed successfully - simulationId: [665f1b2c3d4e5f6a7b8c9d01], isArchived: [true]
2026-03-07 22:38:17.270 INFO  [http-nio-8080-exec-4] e.N.R.m.i.a.i.SimulationControllerAdapter : Response sent successfully - Status: 200 - RequestId: [665f1b2c3d4e5f6a7b8c9d01]
2026-03-07 22:38:43.993 INFO  [http-nio-8080-exec-5] e.N.R.m.i.a.i.SimulationControllerAdapter : Request received: GET /api/simulations
2026-03-07 22:38:43.993 DEBUG [http-nio-8080-exec-5] e.N.R.m.a.u.SimulationApplicationService : Starting listSimulations operation with filters - requestId: [null], partyName: [null], partyId: [null]
2026-03-07 22:38:43.994 DEBUG [http-nio-8080-exec-5] e.N.R.m.i.a.o.SimulationRepositoryAdapter : Executing findWithFilters operation on simulations - requestId: [null], partyId: [null]
2026-03-07 22:38:44.064 DEBUG [http-nio-8080-exec-5] e.N.R.m.i.a.o.SimulationRepositoryAdapter : findWithFilters operation on simulations completed - Retrieved 5 entity(ies)
2026-03-07 22:38:44.065 DEBUG [http-nio-8080-exec-5] e.N.R.m.a.u.SimulationApplicationService : listSimulations operation completed - Found 5 simulation(s)
2026-03-07 22:38:44.066 DEBUG [http-nio-8080-exec-5] e.N.R.m.i.a.o.PartyRepositoryAdapter : Executing findPartyWithNameOnly operation - partyId: [665a1b2c3d4e5f6a7b8c9d02]
2026-03-07 22:38:44.162 DEBUG [http-nio-8080-exec-5] e.N.R.m.i.a.o.PartyRepositoryAdapter : Partial Party retrieved - partyId: [665a1b2c3d4e5f6a7b8c9d02], fullName: [Carlos Rodríguez Martín]
2026-03-07 22:38:44.164 DEBUG [http-nio-8080-exec-5] e.N.R.m.i.a.o.PartyRepositoryAdapter : Executing findPartyWithNameOnly operation - partyId: [665a1b2c3d4e5f6a7b8c9d03]
2026-03-07 22:38:44.171 DEBUG [http-nio-8080-exec-5] e.N.R.m.i.a.o.PartyRepositoryAdapter : Partial Party retrieved - partyId: [665a1b2c3d4e5f6a7b8c9d03], fullName: [Ana López Ruiz]
2026-03-07 22:38:44.171 DEBUG [http-nio-8080-exec-5] e.N.R.m.i.a.o.PartyRepositoryAdapter : Executing findPartyWithNameOnly operation - partyId: [665a1b2c3d4e5f6a7b8c9d01]
2026-03-07 22:38:44.180 DEBUG [http-nio-8080-exec-5] e.N.R.m.i.a.o.PartyRepositoryAdapter : Partial Party retrieved - partyId: [665a1b2c3d4e5f6a7b8c9d01], fullName: [Maria Garcia Fernandez]
2026-03-07 22:38:44.184 DEBUG [http-nio-8080-exec-5] e.N.R.m.i.a.o.PartyRepositoryAdapter : Executing findPartyWithNameOnly operation - partyId: [665a1b2c3d4e5f6a7b8c9d01]
2026-03-07 22:38:44.203 DEBUG [http-nio-8080-exec-5] e.N.R.m.i.a.o.PartyRepositoryAdapter : Partial Party retrieved - partyId: [665a1b2c3d4e5f6a7b8c9d01], fullName: [Maria Garcia Fernandez]
2026-03-07 22:38:44.203 DEBUG [http-nio-8080-exec-5] e.N.R.m.a.u.SimulationApplicationService : Mapping 4 simulation(s) to SimulationSummaryDTO
2026-03-07 22:38:44.205 INFO  [http-nio-8080-exec-5] e.N.R.m.i.a.i.SimulationControllerAdapter : Response sent successfully - Status: 200 - Items count: 4
2026-03-07 22:39:30.256 INFO  [http-nio-8080-exec-6] e.N.R.m.i.a.i.SimulationControllerAdapter : Request received: GET /api/simulations
2026-03-07 22:39:30.260 DEBUG [http-nio-8080-exec-6] e.N.R.m.a.u.SimulationApplicationService : Starting listSimulations operation with filters - requestId: [null], partyName: [null], partyId: [null]
2026-03-07 22:39:30.270 DEBUG [http-nio-8080-exec-6] e.N.R.m.i.a.o.SimulationRepositoryAdapter : Executing findWithFilters operation on simulations - requestId: [null], partyId: [null]
2026-03-07 22:39:30.299 DEBUG [http-nio-8080-exec-6] e.N.R.m.i.a.o.SimulationRepositoryAdapter : findWithFilters operation on simulations completed - Retrieved 5 entity(ies)
2026-03-07 22:39:30.303 DEBUG [http-nio-8080-exec-6] e.N.R.m.a.u.SimulationApplicationService : listSimulations operation completed - Found 5 simulation(s)
2026-03-07 22:39:30.307 DEBUG [http-nio-8080-exec-6] e.N.R.m.i.a.o.PartyRepositoryAdapter : Executing findPartyWithNameOnly operation - partyId: [665a1b2c3d4e5f6a7b8c9d02]
2026-03-07 22:39:30.318 DEBUG [http-nio-8080-exec-6] e.N.R.m.i.a.o.PartyRepositoryAdapter : Partial Party retrieved - partyId: [665a1b2c3d4e5f6a7b8c9d02], fullName: [Carlos Rodríguez Martín]
2026-03-07 22:39:30.334 DEBUG [http-nio-8080-exec-6] e.N.R.m.i.a.o.PartyRepositoryAdapter : Executing findPartyWithNameOnly operation - partyId: [665a1b2c3d4e5f6a7b8c9d03]
2026-03-07 22:39:30.342 DEBUG [http-nio-8080-exec-6] e.N.R.m.i.a.o.PartyRepositoryAdapter : Partial Party retrieved - partyId: [665a1b2c3d4e5f6a7b8c9d03], fullName: [Ana López Ruiz]
2026-03-07 22:39:30.342 DEBUG [http-nio-8080-exec-6] e.N.R.m.i.a.o.PartyRepositoryAdapter : Executing findPartyWithNameOnly operation - partyId: [665a1b2c3d4e5f6a7b8c9d01]
2026-03-07 22:39:30.347 DEBUG [http-nio-8080-exec-6] e.N.R.m.i.a.o.PartyRepositoryAdapter : Partial Party retrieved - partyId: [665a1b2c3d4e5f6a7b8c9d01], fullName: [Maria Garcia Fernandez]
2026-03-07 22:39:30.347 DEBUG [http-nio-8080-exec-6] e.N.R.m.i.a.o.PartyRepositoryAdapter : Executing findPartyWithNameOnly operation - partyId: [665a1b2c3d4e5f6a7b8c9d01]
2026-03-07 22:39:30.353 DEBUG [http-nio-8080-exec-6] e.N.R.m.i.a.o.PartyRepositoryAdapter : Partial Party retrieved - partyId: [665a1b2c3d4e5f6a7b8c9d01], fullName: [Maria Garcia Fernandez]
2026-03-07 22:39:30.354 DEBUG [http-nio-8080-exec-6] e.N.R.m.a.u.SimulationApplicationService : Mapping 4 simulation(s) to SimulationSummaryDTO
2026-03-07 22:39:30.355 INFO  [http-nio-8080-exec-6] e.N.R.m.i.a.i.SimulationControllerAdapter : Response sent successfully - Status: 200 - Items count: 4
2026-03-07 22:39:38.539 INFO  [http-nio-8080-exec-7] e.N.R.m.i.a.i.SimulationControllerAdapter : Request received: GET /api/simulations
2026-03-07 22:39:38.540 DEBUG [http-nio-8080-exec-7] e.N.R.m.a.u.SimulationApplicationService : Starting listSimulations operation with filters - requestId: [null], partyName: [null], partyId: [null]
2026-03-07 22:39:38.540 DEBUG [http-nio-8080-exec-7] e.N.R.m.i.a.o.SimulationRepositoryAdapter : Executing findWithFilters operation on simulations - requestId: [null], partyId: [null]
2026-03-07 22:39:38.546 DEBUG [http-nio-8080-exec-7] e.N.R.m.i.a.o.SimulationRepositoryAdapter : findWithFilters operation on simulations completed - Retrieved 5 entity(ies)
2026-03-07 22:39:38.547 DEBUG [http-nio-8080-exec-7] e.N.R.m.a.u.SimulationApplicationService : listSimulations operation completed - Found 5 simulation(s)
2026-03-07 22:39:38.547 DEBUG [http-nio-8080-exec-7] e.N.R.m.i.a.o.PartyRepositoryAdapter : Executing findPartyWithNameOnly operation - partyId: [665a1b2c3d4e5f6a7b8c9d02]
2026-03-07 22:39:38.553 DEBUG [http-nio-8080-exec-7] e.N.R.m.i.a.o.PartyRepositoryAdapter : Partial Party retrieved - partyId: [665a1b2c3d4e5f6a7b8c9d02], fullName: [Carlos Rodríguez Martín]
2026-03-07 22:39:38.554 DEBUG [http-nio-8080-exec-7] e.N.R.m.i.a.o.PartyRepositoryAdapter : Executing findPartyWithNameOnly operation - partyId: [665a1b2c3d4e5f6a7b8c9d03]
2026-03-07 22:39:38.575 DEBUG [http-nio-8080-exec-7] e.N.R.m.i.a.o.PartyRepositoryAdapter : Partial Party retrieved - partyId: [665a1b2c3d4e5f6a7b8c9d03], fullName: [Ana López Ruiz]
2026-03-07 22:39:38.642 DEBUG [http-nio-8080-exec-7] e.N.R.m.i.a.o.PartyRepositoryAdapter : Executing findPartyWithNameOnly operation - partyId: [665a1b2c3d4e5f6a7b8c9d01]
2026-03-07 22:39:38.651 DEBUG [http-nio-8080-exec-7] e.N.R.m.i.a.o.PartyRepositoryAdapter : Partial Party retrieved - partyId: [665a1b2c3d4e5f6a7b8c9d01], fullName: [Maria Garcia Fernandez]
2026-03-07 22:39:38.651 DEBUG [http-nio-8080-exec-7] e.N.R.m.i.a.o.PartyRepositoryAdapter : Executing findPartyWithNameOnly operation - partyId: [665a1b2c3d4e5f6a7b8c9d01]
2026-03-07 22:39:38.677 DEBUG [http-nio-8080-exec-7] e.N.R.m.i.a.o.PartyRepositoryAdapter : Partial Party retrieved - partyId: [665a1b2c3d4e5f6a7b8c9d01], fullName: [Maria Garcia Fernandez]
2026-03-07 22:39:38.690 DEBUG [http-nio-8080-exec-7] e.N.R.m.a.u.SimulationApplicationService : Mapping 4 simulation(s) to SimulationSummaryDTO
2026-03-07 22:39:38.690 INFO  [http-nio-8080-exec-7] e.N.R.m.i.a.i.SimulationControllerAdapter : Response sent successfully - Status: 200 - Items count: 4
2026-03-07 22:39:42.793 INFO  [http-nio-8080-exec-8] e.N.R.m.i.a.i.SimulationControllerAdapter : Request received: GET /api/simulations
2026-03-07 22:39:42.794 DEBUG [http-nio-8080-exec-8] e.N.R.m.a.u.SimulationApplicationService : Starting listSimulations operation with filters - requestId: [null], partyName: [null], partyId: [null]
2026-03-07 22:39:42.794 DEBUG [http-nio-8080-exec-8] e.N.R.m.i.a.o.SimulationRepositoryAdapter : Executing findWithFilters operation on simulations - requestId: [null], partyId: [null]
2026-03-07 22:39:42.809 DEBUG [http-nio-8080-exec-8] e.N.R.m.i.a.o.SimulationRepositoryAdapter : findWithFilters operation on simulations completed - Retrieved 5 entity(ies)
2026-03-07 22:39:42.810 DEBUG [http-nio-8080-exec-8] e.N.R.m.a.u.SimulationApplicationService : listSimulations operation completed - Found 5 simulation(s)
2026-03-07 22:39:42.810 DEBUG [http-nio-8080-exec-8] e.N.R.m.i.a.o.PartyRepositoryAdapter : Executing findPartyWithNameOnly operation - partyId: [665a1b2c3d4e5f6a7b8c9d02]
2026-03-07 22:39:42.826 DEBUG [http-nio-8080-exec-8] e.N.R.m.i.a.o.PartyRepositoryAdapter : Partial Party retrieved - partyId: [665a1b2c3d4e5f6a7b8c9d02], fullName: [Carlos Rodríguez Martín]
2026-03-07 22:39:42.828 DEBUG [http-nio-8080-exec-8] e.N.R.m.i.a.o.PartyRepositoryAdapter : Executing findPartyWithNameOnly operation - partyId: [665a1b2c3d4e5f6a7b8c9d03]
2026-03-07 22:39:42.837 DEBUG [http-nio-8080-exec-8] e.N.R.m.i.a.o.PartyRepositoryAdapter : Partial Party retrieved - partyId: [665a1b2c3d4e5f6a7b8c9d03], fullName: [Ana López Ruiz]
2026-03-07 22:39:42.839 DEBUG [http-nio-8080-exec-8] e.N.R.m.i.a.o.PartyRepositoryAdapter : Executing findPartyWithNameOnly operation - partyId: [665a1b2c3d4e5f6a7b8c9d01]
2026-03-07 22:39:42.845 DEBUG [http-nio-8080-exec-8] e.N.R.m.i.a.o.PartyRepositoryAdapter : Partial Party retrieved - partyId: [665a1b2c3d4e5f6a7b8c9d01], fullName: [Maria Garcia Fernandez]
2026-03-07 22:39:42.848 DEBUG [http-nio-8080-exec-8] e.N.R.m.i.a.o.PartyRepositoryAdapter : Executing findPartyWithNameOnly operation - partyId: [665a1b2c3d4e5f6a7b8c9d01]
2026-03-07 22:39:42.855 DEBUG [http-nio-8080-exec-8] e.N.R.m.i.a.o.PartyRepositoryAdapter : Partial Party retrieved - partyId: [665a1b2c3d4e5f6a7b8c9d01], fullName: [Maria Garcia Fernandez]
2026-03-07 22:39:42.855 DEBUG [http-nio-8080-exec-8] e.N.R.m.a.u.SimulationApplicationService : Mapping 4 simulation(s) to SimulationSummaryDTO
2026-03-07 22:39:42.856 INFO  [http-nio-8080-exec-8] e.N.R.m.i.a.i.SimulationControllerAdapter : Response sent successfully - Status: 200 - Items count: 4
2026-03-07 22:39:47.789 INFO  [http-nio-8080-exec-9] e.N.R.m.i.a.i.SimulationControllerAdapter : Request received: GET /api/simulations
2026-03-07 22:39:47.790 DEBUG [http-nio-8080-exec-9] e.N.R.m.a.u.SimulationApplicationService : Starting listSimulations operation with filters - requestId: [null], partyName: [null], partyId: [null]
2026-03-07 22:39:47.790 DEBUG [http-nio-8080-exec-9] e.N.R.m.i.a.o.SimulationRepositoryAdapter : Executing findWithFilters operation on simulations - requestId: [null], partyId: [null]
2026-03-07 22:39:47.796 DEBUG [http-nio-8080-exec-9] e.N.R.m.i.a.o.SimulationRepositoryAdapter : findWithFilters operation on simulations completed - Retrieved 5 entity(ies)
2026-03-07 22:39:47.796 DEBUG [http-nio-8080-exec-9] e.N.R.m.a.u.SimulationApplicationService : listSimulations operation completed - Found 5 simulation(s)
2026-03-07 22:39:47.796 DEBUG [http-nio-8080-exec-9] e.N.R.m.i.a.o.PartyRepositoryAdapter : Executing findPartyWithNameOnly operation - partyId: [665a1b2c3d4e5f6a7b8c9d02]
2026-03-07 22:39:47.801 DEBUG [http-nio-8080-exec-9] e.N.R.m.i.a.o.PartyRepositoryAdapter : Partial Party retrieved - partyId: [665a1b2c3d4e5f6a7b8c9d02], fullName: [Carlos Rodríguez Martín]
2026-03-07 22:39:47.801 DEBUG [http-nio-8080-exec-9] e.N.R.m.i.a.o.PartyRepositoryAdapter : Executing findPartyWithNameOnly operation - partyId: [665a1b2c3d4e5f6a7b8c9d03]
2026-03-07 22:39:47.805 DEBUG [http-nio-8080-exec-9] e.N.R.m.i.a.o.PartyRepositoryAdapter : Partial Party retrieved - partyId: [665a1b2c3d4e5f6a7b8c9d03], fullName: [Ana López Ruiz]
2026-03-07 22:39:47.806 DEBUG [http-nio-8080-exec-9] e.N.R.m.i.a.o.PartyRepositoryAdapter : Executing findPartyWithNameOnly operation - partyId: [665a1b2c3d4e5f6a7b8c9d01]
2026-03-07 22:39:47.810 DEBUG [http-nio-8080-exec-9] e.N.R.m.i.a.o.PartyRepositoryAdapter : Partial Party retrieved - partyId: [665a1b2c3d4e5f6a7b8c9d01], fullName: [Maria Garcia Fernandez]
2026-03-07 22:39:47.810 DEBUG [http-nio-8080-exec-9] e.N.R.m.i.a.o.PartyRepositoryAdapter : Executing findPartyWithNameOnly operation - partyId: [665a1b2c3d4e5f6a7b8c9d01]
2026-03-07 22:39:47.814 DEBUG [http-nio-8080-exec-9] e.N.R.m.i.a.o.PartyRepositoryAdapter : Partial Party retrieved - partyId: [665a1b2c3d4e5f6a7b8c9d01], fullName: [Maria Garcia Fernandez]
2026-03-07 22:39:47.815 DEBUG [http-nio-8080-exec-9] e.N.R.m.a.u.SimulationApplicationService : Mapping 4 simulation(s) to SimulationSummaryDTO
2026-03-07 22:39:47.815 INFO  [http-nio-8080-exec-9] e.N.R.m.i.a.i.SimulationControllerAdapter : Response sent successfully - Status: 200 - Items count: 4
2026-03-07 22:40:48.411 INFO  [main] e.N.R.m.MsCoreDataApplication : Starting MsCoreDataApplication using Java 17.0.12 with PID 10644 (C:\Users\ferna\Escritorio\Escritorio\TFG\Implementacion\ms-core-data\target\classes started by ferna in C:\Users\ferna\Escritorio\Escritorio\TFG\Implementacion\ms-core-data)
2026-03-07 22:40:48.483 DEBUG [main] e.N.R.m.MsCoreDataApplication : Running with Spring Boot v4.0.3, Spring v7.0.5
2026-03-07 22:40:48.489 INFO  [main] e.N.R.m.MsCoreDataApplication : No active profile set, falling back to 1 default profile: "default"
2026-03-07 22:40:49.161 INFO  [background-preinit] o.h.validator.internal.util.Version : HV000001: Hibernate Validator 9.0.1.Final
2026-03-07 22:40:50.533 INFO  [main] o.s.d.r.c.RepositoryConfigurationDelegate : Bootstrapping Spring Data MongoDB repositories in DEFAULT mode.
2026-03-07 22:40:50.858 INFO  [main] o.s.d.r.c.RepositoryConfigurationDelegate : Finished Spring Data repository scanning in 310 ms. Found 5 MongoDB repository interfaces.
2026-03-07 22:40:51.851 INFO  [main] o.s.boot.tomcat.TomcatWebServer : Tomcat initialized with port 8080 (http)
2026-03-07 22:40:51.889 INFO  [main] o.a.coyote.http11.Http11NioProtocol : Initializing ProtocolHandler ["http-nio-8080"]
2026-03-07 22:40:51.893 INFO  [main] o.a.catalina.core.StandardService : Starting service [Tomcat]
2026-03-07 22:40:51.894 INFO  [main] o.a.catalina.core.StandardEngine : Starting Servlet engine: [Apache Tomcat/11.0.18]
2026-03-07 22:40:52.048 INFO  [main] o.s.b.w.c.s.WebApplicationContextInitializer : Root WebApplicationContext: initialization completed in 3262 ms
2026-03-07 22:40:55.294 INFO  [main] o.a.coyote.http11.Http11NioProtocol : Starting ProtocolHandler ["http-nio-8080"]
2026-03-07 22:40:55.329 INFO  [main] o.s.boot.tomcat.TomcatWebServer : Tomcat started on port 8080 (http) with context path '/'
2026-03-07 22:40:55.338 INFO  [main] e.N.R.m.MsCoreDataApplication : Started MsCoreDataApplication in 8.399 seconds (process running for 9.408)
2026-03-07 22:44:56.207 INFO  [http-nio-8080-exec-2] o.a.c.c.C.[Tomcat].[localhost].[/] : Initializing Spring DispatcherServlet 'dispatcherServlet'
2026-03-07 22:44:56.211 INFO  [http-nio-8080-exec-2] o.s.web.servlet.DispatcherServlet : Initializing Servlet 'dispatcherServlet'
2026-03-07 22:44:56.217 INFO  [http-nio-8080-exec-2] o.s.web.servlet.DispatcherServlet : Completed initialization in 5 ms
2026-03-07 22:44:56.379 INFO  [http-nio-8080-exec-2] e.N.R.m.i.a.i.SimulationControllerAdapter : Request received: GET /api/simulations
2026-03-07 22:44:56.379 DEBUG [http-nio-8080-exec-2] e.N.R.m.a.u.SimulationApplicationService : Starting listSimulations operation with filters - requestId: [null], partyName: [null], partyId: [null]
2026-03-07 22:44:56.382 DEBUG [http-nio-8080-exec-2] e.N.R.m.i.a.o.SimulationRepositoryAdapter : Executing findWithFilters operation on simulations - requestId: [null], partyId: [null]
2026-03-07 22:44:56.688 DEBUG [http-nio-8080-exec-2] e.N.R.m.i.a.o.SimulationRepositoryAdapter : findWithFilters operation on simulations completed - Retrieved 1 entity(ies)
2026-03-07 22:44:56.690 DEBUG [http-nio-8080-exec-2] e.N.R.m.a.u.SimulationApplicationService : listSimulations operation completed - Found 1 simulation(s)
2026-03-07 22:44:56.691 DEBUG [http-nio-8080-exec-2] e.N.R.m.a.u.SimulationApplicationService : Mapping 0 simulation(s) to SimulationSummaryDTO
2026-03-07 22:44:56.691 INFO  [http-nio-8080-exec-2] e.N.R.m.i.a.i.SimulationControllerAdapter : Response sent successfully - Status: 200 - Items count: 0
2026-03-07 22:45:14.011 INFO  [main] e.N.R.m.MsCoreDataApplication : Starting MsCoreDataApplication using Java 17.0.12 with PID 15260 (C:\Users\ferna\Escritorio\Escritorio\TFG\Implementacion\ms-core-data\target\classes started by ferna in C:\Users\ferna\Escritorio\Escritorio\TFG\Implementacion\ms-core-data)
2026-03-07 22:45:14.043 DEBUG [main] e.N.R.m.MsCoreDataApplication : Running with Spring Boot v4.0.3, Spring v7.0.5
2026-03-07 22:45:14.045 INFO  [main] e.N.R.m.MsCoreDataApplication : No active profile set, falling back to 1 default profile: "default"
2026-03-07 22:45:14.471 INFO  [background-preinit] o.h.validator.internal.util.Version : HV000001: Hibernate Validator 9.0.1.Final
2026-03-07 22:45:19.831 INFO  [main] e.N.R.m.MsCoreDataApplication : Starting MsCoreDataApplication using Java 17.0.12 with PID 21824 (C:\Users\ferna\Escritorio\Escritorio\TFG\Implementacion\ms-core-data\target\classes started by ferna in C:\Users\ferna\Escritorio\Escritorio\TFG\Implementacion\ms-core-data)
2026-03-07 22:45:19.837 DEBUG [main] e.N.R.m.MsCoreDataApplication : Running with Spring Boot v4.0.3, Spring v7.0.5
2026-03-07 22:45:19.838 INFO  [main] e.N.R.m.MsCoreDataApplication : No active profile set, falling back to 1 default profile: "default"
2026-03-07 22:45:20.384 INFO  [background-preinit] o.h.validator.internal.util.Version : HV000001: Hibernate Validator 9.0.1.Final
2026-03-07 22:45:21.757 INFO  [main] o.s.d.r.c.RepositoryConfigurationDelegate : Bootstrapping Spring Data MongoDB repositories in DEFAULT mode.
2026-03-07 22:45:22.235 INFO  [main] o.s.d.r.c.RepositoryConfigurationDelegate : Finished Spring Data repository scanning in 465 ms. Found 5 MongoDB repository interfaces.
2026-03-07 22:45:23.386 INFO  [main] o.s.boot.tomcat.TomcatWebServer : Tomcat initialized with port 8080 (http)
2026-03-07 22:45:23.404 INFO  [main] o.a.coyote.http11.Http11NioProtocol : Initializing ProtocolHandler ["http-nio-8080"]
2026-03-07 22:45:23.410 INFO  [main] o.a.catalina.core.StandardService : Starting service [Tomcat]
2026-03-07 22:45:23.411 INFO  [main] o.a.catalina.core.StandardEngine : Starting Servlet engine: [Apache Tomcat/11.0.18]
2026-03-07 22:45:23.552 INFO  [main] o.s.b.w.c.s.WebApplicationContextInitializer : Root WebApplicationContext: initialization completed in 3476 ms
2026-03-07 22:45:26.632 INFO  [main] o.a.coyote.http11.Http11NioProtocol : Starting ProtocolHandler ["http-nio-8080"]
2026-03-07 22:45:26.746 INFO  [main] o.s.boot.tomcat.TomcatWebServer : Tomcat started on port 8080 (http) with context path '/'
2026-03-07 22:45:26.852 INFO  [main] e.N.R.m.MsCoreDataApplication : Started MsCoreDataApplication in 8.411 seconds (process running for 9.641)
2026-03-07 22:46:21.207 INFO  [http-nio-8080-exec-2] o.a.c.c.C.[Tomcat].[localhost].[/] : Initializing Spring DispatcherServlet 'dispatcherServlet'
2026-03-07 22:46:21.208 INFO  [http-nio-8080-exec-2] o.s.web.servlet.DispatcherServlet : Initializing Servlet 'dispatcherServlet'
2026-03-07 22:46:21.209 INFO  [http-nio-8080-exec-2] o.s.web.servlet.DispatcherServlet : Completed initialization in 1 ms
2026-03-07 22:46:21.265 INFO  [http-nio-8080-exec-2] e.N.R.m.i.a.i.SimulationControllerAdapter : Request received: GET /api/simulations
2026-03-07 22:46:21.266 DEBUG [http-nio-8080-exec-2] e.N.R.m.a.u.SimulationApplicationService : Starting listSimulations operation with filters - requestId: [null], partyName: [null], partyId: [null]
2026-03-07 22:46:21.268 DEBUG [http-nio-8080-exec-2] e.N.R.m.i.a.o.SimulationRepositoryAdapter : Executing findWithFilters operation on simulations - requestId: [null], partyId: [null]
2026-03-07 22:46:21.550 DEBUG [http-nio-8080-exec-2] e.N.R.m.i.a.o.SimulationRepositoryAdapter : findWithFilters operation on simulations completed - Retrieved 5 entity(ies)
2026-03-07 22:46:21.551 DEBUG [http-nio-8080-exec-2] e.N.R.m.a.u.SimulationApplicationService : listSimulations operation completed - Found 5 simulation(s)
2026-03-07 22:46:21.552 DEBUG [http-nio-8080-exec-2] e.N.R.m.i.a.o.PartyRepositoryAdapter : Executing findPartyWithNameOnly operation - partyId: [665a1b2c3d4e5f6a7b8c9d02]
2026-03-07 22:46:21.624 DEBUG [http-nio-8080-exec-2] e.N.R.m.i.a.o.PartyRepositoryAdapter : Partial Party retrieved - partyId: [665a1b2c3d4e5f6a7b8c9d02], fullName: [Carlos Rodríguez Martín]
2026-03-07 22:46:21.625 DEBUG [http-nio-8080-exec-2] e.N.R.m.i.a.o.PartyRepositoryAdapter : Executing findPartyWithNameOnly operation - partyId: [665a1b2c3d4e5f6a7b8c9d03]
2026-03-07 22:46:21.630 DEBUG [http-nio-8080-exec-2] e.N.R.m.i.a.o.PartyRepositoryAdapter : Partial Party retrieved - partyId: [665a1b2c3d4e5f6a7b8c9d03], fullName: [Ana López Ruiz]
2026-03-07 22:46:21.634 DEBUG [http-nio-8080-exec-2] e.N.R.m.i.a.o.PartyRepositoryAdapter : Executing findPartyWithNameOnly operation - partyId: [665a1b2c3d4e5f6a7b8c9d01]
2026-03-07 22:46:21.649 DEBUG [http-nio-8080-exec-2] e.N.R.m.i.a.o.PartyRepositoryAdapter : Partial Party retrieved - partyId: [665a1b2c3d4e5f6a7b8c9d01], fullName: [Maria Garcia Fernandez]
2026-03-07 22:46:21.652 DEBUG [http-nio-8080-exec-2] e.N.R.m.i.a.o.PartyRepositoryAdapter : Executing findPartyWithNameOnly operation - partyId: [665a1b2c3d4e5f6a7b8c9d01]
2026-03-07 22:46:21.665 DEBUG [http-nio-8080-exec-2] e.N.R.m.i.a.o.PartyRepositoryAdapter : Partial Party retrieved - partyId: [665a1b2c3d4e5f6a7b8c9d01], fullName: [Maria Garcia Fernandez]
2026-03-07 22:46:21.679 DEBUG [http-nio-8080-exec-2] e.N.R.m.a.u.SimulationApplicationService : Mapping 4 simulation(s) to SimulationSummaryDTO
2026-03-07 22:46:21.680 INFO  [http-nio-8080-exec-2] e.N.R.m.i.a.i.SimulationControllerAdapter : Response sent successfully - Status: 200 - Items count: 4
2026-03-07 22:46:58.113 INFO  [main] e.N.R.m.MsCoreDataApplication : Starting MsCoreDataApplication using Java 17.0.12 with PID 16280 (C:\Users\ferna\Escritorio\Escritorio\TFG\Implementacion\ms-core-data\target\classes started by ferna in C:\Users\ferna\Escritorio\Escritorio\TFG\Implementacion\ms-core-data)
2026-03-07 22:46:58.118 DEBUG [main] e.N.R.m.MsCoreDataApplication : Running with Spring Boot v4.0.3, Spring v7.0.5
2026-03-07 22:46:58.120 INFO  [main] e.N.R.m.MsCoreDataApplication : No active profile set, falling back to 1 default profile: "default"
2026-03-07 22:46:58.730 INFO  [background-preinit] o.h.validator.internal.util.Version : HV000001: Hibernate Validator 9.0.1.Final
2026-03-07 22:47:00.633 INFO  [main] o.s.d.r.c.RepositoryConfigurationDelegate : Bootstrapping Spring Data MongoDB repositories in DEFAULT mode.
2026-03-07 22:47:01.024 INFO  [main] o.s.d.r.c.RepositoryConfigurationDelegate : Finished Spring Data repository scanning in 378 ms. Found 5 MongoDB repository interfaces.
2026-03-07 22:47:02.656 INFO  [main] o.s.boot.tomcat.TomcatWebServer : Tomcat initialized with port 8080 (http)
2026-03-07 22:47:02.766 INFO  [main] o.a.coyote.http11.Http11NioProtocol : Initializing ProtocolHandler ["http-nio-8080"]
2026-03-07 22:47:02.771 INFO  [main] o.a.catalina.core.StandardService : Starting service [Tomcat]
2026-03-07 22:47:02.771 INFO  [main] o.a.catalina.core.StandardEngine : Starting Servlet engine: [Apache Tomcat/11.0.18]
2026-03-07 22:47:03.049 INFO  [main] o.s.b.w.c.s.WebApplicationContextInitializer : Root WebApplicationContext: initialization completed in 4743 ms
2026-03-07 22:47:06.685 INFO  [main] o.a.coyote.http11.Http11NioProtocol : Starting ProtocolHandler ["http-nio-8080"]
2026-03-07 22:47:06.731 INFO  [main] o.s.boot.tomcat.TomcatWebServer : Tomcat started on port 8080 (http) with context path '/'
2026-03-07 22:47:06.744 INFO  [main] e.N.R.m.MsCoreDataApplication : Started MsCoreDataApplication in 10.227 seconds (process running for 11.307)
2026-03-07 22:47:19.642 INFO  [http-nio-8080-exec-2] o.a.c.c.C.[Tomcat].[localhost].[/] : Initializing Spring DispatcherServlet 'dispatcherServlet'
2026-03-07 22:47:19.643 INFO  [http-nio-8080-exec-2] o.s.web.servlet.DispatcherServlet : Initializing Servlet 'dispatcherServlet'
2026-03-07 22:47:19.645 INFO  [http-nio-8080-exec-2] o.s.web.servlet.DispatcherServlet : Completed initialization in 2 ms
2026-03-07 22:47:19.702 INFO  [http-nio-8080-exec-2] e.N.R.m.i.a.i.SimulationControllerAdapter : Request received: GET /api/simulations
2026-03-07 22:47:19.702 DEBUG [http-nio-8080-exec-2] e.N.R.m.a.u.SimulationApplicationService : Starting listSimulations operation with filters - requestId: [null], partyName: [null], partyId: [null]
2026-03-07 22:47:19.705 DEBUG [http-nio-8080-exec-2] e.N.R.m.i.a.o.SimulationRepositoryAdapter : Executing findWithFilters operation on simulations - requestId: [null], partyId: [null]
2026-03-07 22:47:20.059 DEBUG [http-nio-8080-exec-2] e.N.R.m.i.a.o.SimulationRepositoryAdapter : findWithFilters operation on simulations completed - Retrieved 1 entity(ies)
2026-03-07 22:47:20.060 DEBUG [http-nio-8080-exec-2] e.N.R.m.a.u.SimulationApplicationService : listSimulations operation completed - Found 1 simulation(s)
2026-03-07 22:47:20.061 DEBUG [http-nio-8080-exec-2] e.N.R.m.a.u.SimulationApplicationService : Mapping 0 simulation(s) to SimulationSummaryDTO
2026-03-07 22:47:20.062 INFO  [http-nio-8080-exec-2] e.N.R.m.i.a.i.SimulationControllerAdapter : Response sent successfully - Status: 200 - Items count: 0
2026-03-07 22:49:35.556 INFO  [main] e.N.R.m.MsCoreDataApplication : Starting MsCoreDataApplication using Java 17.0.12 with PID 20920 (C:\Users\ferna\Escritorio\Escritorio\TFG\Implementacion\ms-core-data\target\classes started by ferna in C:\Users\ferna\Escritorio\Escritorio\TFG\Implementacion\ms-core-data)
2026-03-07 22:49:35.560 DEBUG [main] e.N.R.m.MsCoreDataApplication : Running with Spring Boot v4.0.3, Spring v7.0.5
2026-03-07 22:49:35.562 INFO  [main] e.N.R.m.MsCoreDataApplication : No active profile set, falling back to 1 default profile: "default"
2026-03-07 22:49:36.170 INFO  [background-preinit] o.h.validator.internal.util.Version : HV000001: Hibernate Validator 9.0.1.Final
2026-03-07 22:49:37.623 INFO  [main] o.s.d.r.c.RepositoryConfigurationDelegate : Bootstrapping Spring Data MongoDB repositories in DEFAULT mode.
2026-03-07 22:49:37.939 INFO  [main] o.s.d.r.c.RepositoryConfigurationDelegate : Finished Spring Data repository scanning in 303 ms. Found 5 MongoDB repository interfaces.
2026-03-07 22:49:39.055 INFO  [main] o.s.boot.tomcat.TomcatWebServer : Tomcat initialized with port 8080 (http)
2026-03-07 22:49:39.074 INFO  [main] o.a.coyote.http11.Http11NioProtocol : Initializing ProtocolHandler ["http-nio-8080"]
2026-03-07 22:49:39.077 INFO  [main] o.a.catalina.core.StandardService : Starting service [Tomcat]
2026-03-07 22:49:39.078 INFO  [main] o.a.catalina.core.StandardEngine : Starting Servlet engine: [Apache Tomcat/11.0.18]
2026-03-07 22:49:39.236 INFO  [main] o.s.b.w.c.s.WebApplicationContextInitializer : Root WebApplicationContext: initialization completed in 3431 ms
2026-03-07 22:49:42.649 INFO  [main] o.a.coyote.http11.Http11NioProtocol : Starting ProtocolHandler ["http-nio-8080"]
2026-03-07 22:49:42.684 INFO  [main] o.s.boot.tomcat.TomcatWebServer : Tomcat started on port 8080 (http) with context path '/'
2026-03-07 22:49:42.694 INFO  [main] e.N.R.m.MsCoreDataApplication : Started MsCoreDataApplication in 8.834 seconds (process running for 9.927)
2026-03-07 22:49:50.205 INFO  [http-nio-8080-exec-2] o.a.c.c.C.[Tomcat].[localhost].[/] : Initializing Spring DispatcherServlet 'dispatcherServlet'
2026-03-07 22:49:50.210 INFO  [http-nio-8080-exec-2] o.s.web.servlet.DispatcherServlet : Initializing Servlet 'dispatcherServlet'
2026-03-07 22:49:50.218 INFO  [http-nio-8080-exec-2] o.s.web.servlet.DispatcherServlet : Completed initialization in 4 ms
2026-03-07 22:49:50.281 INFO  [http-nio-8080-exec-2] e.N.R.m.i.a.i.SimulationControllerAdapter : Request received: GET /api/simulations
2026-03-07 22:49:50.282 DEBUG [http-nio-8080-exec-2] e.N.R.m.a.u.SimulationApplicationService : Starting listSimulations operation with filters - requestId: [null], partyName: [null], partyId: [null]
2026-03-07 22:49:50.286 DEBUG [http-nio-8080-exec-2] e.N.R.m.i.a.o.SimulationRepositoryAdapter : Executing findWithFilters operation on simulations - requestId: [null], partyId: [null]
2026-03-07 22:49:50.587 DEBUG [http-nio-8080-exec-2] e.N.R.m.i.a.o.SimulationRepositoryAdapter : findWithFilters operation on simulations completed - Retrieved 1 entity(ies)
2026-03-07 22:49:50.588 DEBUG [http-nio-8080-exec-2] e.N.R.m.a.u.SimulationApplicationService : listSimulations operation completed - Found 1 simulation(s)
2026-03-07 22:49:50.590 DEBUG [http-nio-8080-exec-2] e.N.R.m.i.a.o.PartyRepositoryAdapter : Executing findPartyWithNameOnly operation - partyId: [665a1b2c3d4e5f6a7b8c9d01]
2026-03-07 22:49:50.681 DEBUG [http-nio-8080-exec-2] e.N.R.m.i.a.o.PartyRepositoryAdapter : Partial Party retrieved - partyId: [665a1b2c3d4e5f6a7b8c9d01], fullName: [Maria Garcia Fernandez]
2026-03-07 22:49:50.683 DEBUG [http-nio-8080-exec-2] e.N.R.m.a.u.SimulationApplicationService : Mapping 1 simulation(s) to SimulationSummaryDTO
2026-03-07 22:49:50.684 INFO  [http-nio-8080-exec-2] e.N.R.m.i.a.i.SimulationControllerAdapter : Response sent successfully - Status: 200 - Items count: 1
2026-03-07 22:49:58.770 INFO  [http-nio-8080-exec-3] e.N.R.m.i.a.i.SimulationControllerAdapter : Request received: GET /api/simulations
2026-03-07 22:49:58.775 ERROR [http-nio-8080-exec-3] e.N.R.m.i.a.i.GlobalExceptionHandler : Unexpected error processing request: Cannot invoke "java.lang.Boolean.booleanValue()" because "archived" is null
java.lang.NullPointerException: Cannot invoke "java.lang.Boolean.booleanValue()" because "archived" is null
	at es.NTTEnterprise.RIntellix.ms_core_data.infraestructure.adapters.input.SimulationControllerAdapter.listSimulations(SimulationControllerAdapter.java:67)
	at java.base/jdk.internal.reflect.NativeMethodAccessorImpl.invoke0(Native Method)
	at java.base/jdk.internal.reflect.NativeMethodAccessorImpl.invoke(NativeMethodAccessorImpl.java:77)
	at java.base/jdk.internal.reflect.DelegatingMethodAccessorImpl.invoke(DelegatingMethodAccessorImpl.java:43)
	at java.base/java.lang.reflect.Method.invoke(Method.java:568)
	at org.springframework.web.method.support.InvocableHandlerMethod.doInvoke(InvocableHandlerMethod.java:252)
	at org.springframework.web.method.support.InvocableHandlerMethod.invokeForRequest(InvocableHandlerMethod.java:184)
	at org.springframework.web.servlet.mvc.method.annotation.ServletInvocableHandlerMethod.invokeAndHandle(ServletInvocableHandlerMethod.java:117)
	at org.springframework.web.servlet.mvc.method.annotation.RequestMappingHandlerAdapter.invokeHandlerMethod(RequestMappingHandlerAdapter.java:934)
	at org.springframework.web.servlet.mvc.method.annotation.RequestMappingHandlerAdapter.handleInternal(RequestMappingHandlerAdapter.java:853)
	at org.springframework.web.servlet.mvc.method.AbstractHandlerMethodAdapter.handle(AbstractHandlerMethodAdapter.java:86)
	at org.springframework.web.servlet.DispatcherServlet.doDispatch(DispatcherServlet.java:963)
	at org.springframework.web.servlet.DispatcherServlet.doService(DispatcherServlet.java:866)
	at org.springframework.web.servlet.FrameworkServlet.processRequest(FrameworkServlet.java:1000)
	at org.springframework.web.servlet.FrameworkServlet.doGet(FrameworkServlet.java:892)
	at jakarta.servlet.http.HttpServlet.service(HttpServlet.java:622)
	at org.springframework.web.servlet.FrameworkServlet.service(FrameworkServlet.java:874)
	at jakarta.servlet.http.HttpServlet.service(HttpServlet.java:710)
	at org.apache.catalina.core.ApplicationFilterChain.doFilter(ApplicationFilterChain.java:128)
	at org.apache.tomcat.websocket.server.WsFilter.doFilter(WsFilter.java:53)
	at org.apache.catalina.core.ApplicationFilterChain.doFilter(ApplicationFilterChain.java:107)
	at org.springframework.web.filter.RequestContextFilter.doFilterInternal(RequestContextFilter.java:100)
	at org.springframework.web.filter.OncePerRequestFilter.doFilter(OncePerRequestFilter.java:116)
	at org.apache.catalina.core.ApplicationFilterChain.doFilter(ApplicationFilterChain.java:107)
	at org.springframework.web.filter.FormContentFilter.doFilterInternal(FormContentFilter.java:93)
	at org.springframework.web.filter.OncePerRequestFilter.doFilter(OncePerRequestFilter.java:116)
	at org.apache.catalina.core.ApplicationFilterChain.doFilter(ApplicationFilterChain.java:107)
	at org.springframework.web.filter.CharacterEncodingFilter.doFilterInternal(CharacterEncodingFilter.java:199)
	at org.springframework.web.filter.OncePerRequestFilter.doFilter(OncePerRequestFilter.java:116)
	at org.apache.catalina.core.ApplicationFilterChain.doFilter(ApplicationFilterChain.java:107)
	at org.apache.catalina.core.StandardWrapperValve.invoke(StandardWrapperValve.java:165)
	at org.apache.catalina.core.StandardContextValve.invoke(StandardContextValve.java:77)
	at org.apache.catalina.authenticator.AuthenticatorBase.invoke(AuthenticatorBase.java:492)
	at org.apache.catalina.core.StandardHostValve.invoke(StandardHostValve.java:113)
	at org.apache.catalina.valves.ErrorReportValve.invoke(ErrorReportValve.java:83)
	at org.apache.catalina.core.StandardEngineValve.invoke(StandardEngineValve.java:72)
	at org.apache.catalina.connector.CoyoteAdapter.service(CoyoteAdapter.java:341)
	at org.apache.coyote.http11.Http11Processor.service(Http11Processor.java:397)
	at org.apache.coyote.AbstractProcessorLight.process(AbstractProcessorLight.java:63)
	at org.apache.coyote.AbstractProtocol$ConnectionHandler.process(AbstractProtocol.java:903)
	at org.apache.tomcat.util.net.NioEndpoint$SocketProcessor.doRun(NioEndpoint.java:1779)
	at org.apache.tomcat.util.net.SocketProcessorBase.run(SocketProcessorBase.java:52)
	at org.apache.tomcat.util.threads.ThreadPoolExecutor.runWorker(ThreadPoolExecutor.java:946)
	at org.apache.tomcat.util.threads.ThreadPoolExecutor$Worker.run(ThreadPoolExecutor.java:480)
	at org.apache.tomcat.util.threads.TaskThread$WrappingRunnable.run(TaskThread.java:57)
	at java.base/java.lang.Thread.run(Thread.java:842)
2026-03-07 22:49:58.784 ERROR [http-nio-8080-exec-3] e.N.R.m.i.a.i.GlobalExceptionHandler : Error response sent - Status: 500 - Reason: Internal server error
2026-03-07 22:52:42.682 INFO  [main] e.N.R.m.MsCoreDataApplication : Starting MsCoreDataApplication using Java 17.0.12 with PID 30796 (C:\Users\ferna\Escritorio\Escritorio\TFG\Implementacion\ms-core-data\target\classes started by ferna in C:\Users\ferna\Escritorio\Escritorio\TFG\Implementacion\ms-core-data)
2026-03-07 22:52:42.688 DEBUG [main] e.N.R.m.MsCoreDataApplication : Running with Spring Boot v4.0.3, Spring v7.0.5
2026-03-07 22:52:42.689 INFO  [main] e.N.R.m.MsCoreDataApplication : No active profile set, falling back to 1 default profile: "default"
2026-03-07 22:52:43.238 INFO  [background-preinit] o.h.validator.internal.util.Version : HV000001: Hibernate Validator 9.0.1.Final
2026-03-07 22:52:44.714 INFO  [main] o.s.d.r.c.RepositoryConfigurationDelegate : Bootstrapping Spring Data MongoDB repositories in DEFAULT mode.
2026-03-07 22:52:45.090 INFO  [main] o.s.d.r.c.RepositoryConfigurationDelegate : Finished Spring Data repository scanning in 365 ms. Found 5 MongoDB repository interfaces.
2026-03-07 22:52:46.253 INFO  [main] o.s.boot.tomcat.TomcatWebServer : Tomcat initialized with port 8080 (http)
2026-03-07 22:52:46.278 INFO  [main] o.a.coyote.http11.Http11NioProtocol : Initializing ProtocolHandler ["http-nio-8080"]
2026-03-07 22:52:46.284 INFO  [main] o.a.catalina.core.StandardService : Starting service [Tomcat]
2026-03-07 22:52:46.286 INFO  [main] o.a.catalina.core.StandardEngine : Starting Servlet engine: [Apache Tomcat/11.0.18]
2026-03-07 22:52:46.446 INFO  [main] o.s.b.w.c.s.WebApplicationContextInitializer : Root WebApplicationContext: initialization completed in 3586 ms
2026-03-07 22:52:49.917 INFO  [main] o.a.coyote.http11.Http11NioProtocol : Starting ProtocolHandler ["http-nio-8080"]
2026-03-07 22:52:49.957 INFO  [main] o.s.boot.tomcat.TomcatWebServer : Tomcat started on port 8080 (http) with context path '/'
2026-03-07 22:52:49.967 INFO  [main] e.N.R.m.MsCoreDataApplication : Started MsCoreDataApplication in 9.043 seconds (process running for 10.169)
2026-03-07 22:52:55.261 INFO  [http-nio-8080-exec-2] o.a.c.c.C.[Tomcat].[localhost].[/] : Initializing Spring DispatcherServlet 'dispatcherServlet'
2026-03-07 22:52:55.262 INFO  [http-nio-8080-exec-2] o.s.web.servlet.DispatcherServlet : Initializing Servlet 'dispatcherServlet'
2026-03-07 22:52:55.265 INFO  [http-nio-8080-exec-2] o.s.web.servlet.DispatcherServlet : Completed initialization in 3 ms
2026-03-07 22:52:55.472 INFO  [http-nio-8080-exec-2] e.N.R.m.i.a.i.SimulationControllerAdapter : Request received: GET /api/simulations
2026-03-07 22:52:55.475 DEBUG [http-nio-8080-exec-2] e.N.R.m.a.u.SimulationApplicationService : Starting listSimulations operation with filters - requestId: [null], partyName: [null], partyId: [null]
2026-03-07 22:52:55.480 DEBUG [http-nio-8080-exec-2] e.N.R.m.i.a.o.SimulationRepositoryAdapter : Executing findWithFilters operation on simulations - requestId: [null], partyId: [null]
2026-03-07 22:52:55.837 DEBUG [http-nio-8080-exec-2] e.N.R.m.i.a.o.SimulationRepositoryAdapter : findWithFilters operation on simulations completed - Retrieved 4 entity(ies)
2026-03-07 22:52:55.839 DEBUG [http-nio-8080-exec-2] e.N.R.m.a.u.SimulationApplicationService : listSimulations operation completed - Found 4 simulation(s)
2026-03-07 22:52:55.839 DEBUG [http-nio-8080-exec-2] e.N.R.m.i.a.o.PartyRepositoryAdapter : Executing findPartyWithNameOnly operation - partyId: [665a1b2c3d4e5f6a7b8c9d02]
2026-03-07 22:52:55.868 DEBUG [http-nio-8080-exec-2] e.N.R.m.i.a.o.PartyRepositoryAdapter : Partial Party retrieved - partyId: [665a1b2c3d4e5f6a7b8c9d02], fullName: [Carlos Rodríguez Martín]
2026-03-07 22:52:55.869 DEBUG [http-nio-8080-exec-2] e.N.R.m.i.a.o.PartyRepositoryAdapter : Executing findPartyWithNameOnly operation - partyId: [665a1b2c3d4e5f6a7b8c9d03]
2026-03-07 22:52:55.875 DEBUG [http-nio-8080-exec-2] e.N.R.m.i.a.o.PartyRepositoryAdapter : Partial Party retrieved - partyId: [665a1b2c3d4e5f6a7b8c9d03], fullName: [Ana López Ruiz]
2026-03-07 22:52:55.876 DEBUG [http-nio-8080-exec-2] e.N.R.m.i.a.o.PartyRepositoryAdapter : Executing findPartyWithNameOnly operation - partyId: [665a1b2c3d4e5f6a7b8c9d01]
2026-03-07 22:52:55.881 DEBUG [http-nio-8080-exec-2] e.N.R.m.i.a.o.PartyRepositoryAdapter : Partial Party retrieved - partyId: [665a1b2c3d4e5f6a7b8c9d01], fullName: [Maria Garcia Fernandez]
2026-03-07 22:52:55.882 DEBUG [http-nio-8080-exec-2] e.N.R.m.i.a.o.PartyRepositoryAdapter : Executing findPartyWithNameOnly operation - partyId: [665a1b2c3d4e5f6a7b8c9d01]
2026-03-07 22:52:55.887 DEBUG [http-nio-8080-exec-2] e.N.R.m.i.a.o.PartyRepositoryAdapter : Partial Party retrieved - partyId: [665a1b2c3d4e5f6a7b8c9d01], fullName: [Maria Garcia Fernandez]
2026-03-07 22:52:55.888 DEBUG [http-nio-8080-exec-2] e.N.R.m.a.u.SimulationApplicationService : Mapping 4 simulation(s) to SimulationSummaryDTO
2026-03-07 22:52:55.889 INFO  [http-nio-8080-exec-2] e.N.R.m.i.a.i.SimulationControllerAdapter : Response sent successfully - Status: 200 - Items count: 4
2026-03-07 22:53:06.422 INFO  [http-nio-8080-exec-3] e.N.R.m.i.a.i.SimulationControllerAdapter : Request received: GET /api/simulations
2026-03-07 22:53:06.423 DEBUG [http-nio-8080-exec-3] e.N.R.m.a.u.SimulationApplicationService : Starting listSimulations operation with filters - requestId: [null], partyName: [null], partyId: [null]
2026-03-07 22:53:06.424 DEBUG [http-nio-8080-exec-3] e.N.R.m.i.a.o.SimulationRepositoryAdapter : Executing findWithFilters operation on simulations - requestId: [null], partyId: [null]
2026-03-07 22:53:06.440 DEBUG [http-nio-8080-exec-3] e.N.R.m.i.a.o.SimulationRepositoryAdapter : findWithFilters operation on simulations completed - Retrieved 1 entity(ies)
2026-03-07 22:53:06.447 DEBUG [http-nio-8080-exec-3] e.N.R.m.a.u.SimulationApplicationService : listSimulations operation completed - Found 1 simulation(s)
2026-03-07 22:53:06.449 DEBUG [http-nio-8080-exec-3] e.N.R.m.i.a.o.PartyRepositoryAdapter : Executing findPartyWithNameOnly operation - partyId: [665a1b2c3d4e5f6a7b8c9d01]
2026-03-07 22:53:06.458 DEBUG [http-nio-8080-exec-3] e.N.R.m.i.a.o.PartyRepositoryAdapter : Partial Party retrieved - partyId: [665a1b2c3d4e5f6a7b8c9d01], fullName: [Maria Garcia Fernandez]
2026-03-07 22:53:06.470 DEBUG [http-nio-8080-exec-3] e.N.R.m.a.u.SimulationApplicationService : Mapping 1 simulation(s) to SimulationSummaryDTO
2026-03-07 22:53:06.472 INFO  [http-nio-8080-exec-3] e.N.R.m.i.a.i.SimulationControllerAdapter : Response sent successfully - Status: 200 - Items count: 1
